t;X;Y;Z
0.0083333;-0.85537;0.11432;0.73631
0.016667;-0.85529;0.11427;0.73621
0.025;-0.85519;0.11422;0.7361
0.033333;-0.8549;0.11419;0.73587
0.041667;-0.8549;0.11403;0.73594
0.05;-0.8546;0.11405;0.73567
0.058333;-0.85451;0.11398;0.73559
0.066667;-0.85445;0.11391;0.73553
0.075;-0.85438;0.11385;0.73548
0.083333;-0.85431;0.11379;0.73545
0.091667;-0.85423;0.11374;0.73542
0.1;-0.85413;0.11369;0.73535
0.10833;-0.85401;0.11369;0.73528
0.11667;-0.85391;0.11363;0.73519
0.125;-0.85378;0.11367;0.73508
0.13333;-0.85376;0.11352;0.73509
0.14167;-0.85369;0.11347;0.73506
0.15;-0.85363;0.11345;0.73503
0.15833;-0.85357;0.11353;0.73495
0.16667;-0.85355;0.1134;0.73494
0.175;-0.85353;0.11338;0.73488
0.18333;-0.85352;0.1133;0.73482
0.19167;-0.85349;0.11318;0.73477
0.2;-0.85344;0.11311;0.73476
0.20833;-0.85343;0.11305;0.73476
0.21667;-0.85344;0.11283;0.73481
0.225;-0.85344;0.1128;0.7348
0.23333;-0.85346;0.11274;0.73482
0.24167;-0.85348;0.1127;0.73482
0.25;-0.85349;0.11267;0.73483
0.25833;-0.85354;0.11267;0.73483
0.26667;-0.8536;0.11265;0.73482
0.275;-0.85365;0.11269;0.73483
0.28333;-0.85373;0.11274;0.7348
0.29167;-0.85381;0.11282;0.73479
0.3;-0.85394;0.11292;0.73476
0.30833;-0.85405;0.11321;0.73474
0.31667;-0.85423;0.11333;0.73473
0.325;-0.85446;0.11354;0.73469
0.33333;-0.85487;0.11382;0.73462
0.34167;-0.85503;0.11408;0.7346
0.35;-0.8552;0.11429;0.73464
0.35833;-0.85541;0.11461;0.73461
0.36667;-0.85559;0.11494;0.73455
0.375;-0.85582;0.11503;0.7347
0.38333;-0.85586;0.1152;0.73471
0.39167;-0.85607;0.11534;0.73481
0.4;-0.85622;0.11592;0.73477
0.40833;-0.8563;0.11639;0.7347
0.41667;-0.85643;0.11664;0.73481
0.425;-0.85642;0.11688;0.7347
0.43333;-0.85656;0.11717;0.73484
0.44167;-0.85668;0.1176;0.7348
0.45;-0.85671;0.11793;0.73477
0.45833;-0.85673;0.11825;0.73479
0.46667;-0.85669;0.11849;0.73483
0.475;-0.85678;0.11869;0.73504
0.48333;-0.85676;0.11894;0.73504
0.49167;-0.85647;0.11938;0.73473
0.5;-0.85649;0.11972;0.73469
0.50833;-0.85648;0.1201;0.73465
0.51667;-0.85652;0.12045;0.73469
0.525;-0.85648;0.12076;0.73471
0.53333;-0.85647;0.12108;0.73469
0.54167;-0.85646;0.12141;0.73466
0.55;-0.85641;0.12183;0.73463
0.55833;-0.85635;0.12221;0.7346
0.56667;-0.85625;0.12262;0.73461
0.575;-0.8561;0.123;0.73458
0.58333;-0.85601;0.12325;0.73463
0.59167;-0.85583;0.12372;0.73455
0.6;-0.85574;0.1241;0.73463
0.60833;-0.85557;0.12447;0.73455
0.61667;-0.85545;0.12492;0.73465
0.625;-0.85515;0.12528;0.73464
0.63333;-0.85489;0.12538;0.73486
0.64167;-0.85453;0.12589;0.73464
0.65;-0.85428;0.12623;0.73464
0.65833;-0.85429;0.12646;0.73484
0.66667;-0.85383;0.12693;0.73462
0.675;-0.85352;0.12732;0.73456
0.68333;-0.85319;0.1276;0.73457
0.69167;-0.85273;0.12787;0.73463
0.7;-0.8526;0.12803;0.73479
0.70833;-0.85204;0.12832;0.73465
0.71667;-0.8517;0.12858;0.73463
0.725;-0.85107;0.12923;0.7345
0.73333;-0.85103;0.12931;0.73475
0.74167;-0.85059;0.1296;0.73446
0.75;-0.85041;0.12978;0.73447
0.75833;-0.85005;0.13006;0.73446
0.76667;-0.84967;0.13029;0.73444
0.775;-0.84929;0.13049;0.73449
0.78333;-0.84872;0.13086;0.73443
0.79167;-0.84845;0.1308;0.73468
0.8;-0.84809;0.13104;0.7345
0.80833;-0.8478;0.13116;0.73444
0.81667;-0.84738;0.13133;0.73442
0.825;-0.847;0.13147;0.73443
0.83333;-0.84657;0.13163;0.73443
0.84167;-0.8461;0.13176;0.73438
0.85;-0.84559;0.13196;0.7344
0.85833;-0.84529;0.132;0.73466
0.86667;-0.84443;0.13221;0.73444
0.875;-0.84388;0.1322;0.73436
0.88333;-0.84339;0.13228;0.73433
0.89167;-0.84281;0.13264;0.73414
0.9;-0.84226;0.13236;0.73452
0.90833;-0.8418;0.13236;0.73448
0.91667;-0.84143;0.13228;0.73443
0.925;-0.84112;0.13224;0.73448
0.93333;-0.84074;0.13231;0.73447
0.94167;-0.84018;0.13226;0.73443
0.95;-0.83983;0.13211;0.73447
0.95833;-0.83952;0.13201;0.73445
0.96667;-0.83915;0.13194;0.7345
0.975;-0.83874;0.13181;0.73448
0.98333;-0.83847;0.13158;0.73448
0.99167;-0.83813;0.13133;0.7344
1;-0.83786;0.1311;0.73424
1.0083;-0.83762;0.13073;0.7343
1.0167;-0.83749;0.13022;0.73444
1.025;-0.83735;0.12968;0.73445
1.0333;-0.83702;0.12931;0.7345
1.0417;-0.83679;0.12888;0.73449
1.05;-0.8366;0.12858;0.73453
1.0583;-0.83626;0.12864;0.73454
1.0667;-0.8362;0.1279;0.73464
1.075;-0.83615;0.12754;0.73458
1.0833;-0.83613;0.12728;0.73437
1.0917;-0.83618;0.12705;0.73438
1.1;-0.83656;0.12685;0.73437
1.1083;-0.8368;0.1266;0.7344
1.1167;-0.83699;0.12639;0.73438
1.125;-0.83727;0.12623;0.73433
1.1333;-0.83759;0.126;0.73432
1.1417;-0.83784;0.12589;0.73427
1.15;-0.83836;0.12579;0.73433
1.1583;-0.83856;0.12596;0.73428
1.1667;-0.83931;0.12501;0.73468
1.175;-0.83956;0.12549;0.73426
1.1833;-0.84014;0.12537;0.73437
1.1917;-0.84024;0.12556;0.73413
1.2;-0.84075;0.12544;0.73446
1.2083;-0.84125;0.12535;0.73446
1.2167;-0.84183;0.1253;0.73447
1.225;-0.84199;0.12537;0.73447
1.2333;-0.84247;0.12533;0.73446
1.2417;-0.84293;0.12531;0.73455
1.25;-0.84344;0.12537;0.73452
1.2583;-0.84412;0.12532;0.73468
1.2667;-0.84433;0.12576;0.73433
1.275;-0.84453;0.1259;0.73433
1.2833;-0.84504;0.12607;0.73443
1.2917;-0.84539;0.1262;0.73451
1.3;-0.84576;0.12617;0.73447
1.3083;-0.84617;0.12624;0.73446
1.3167;-0.84676;0.12646;0.73443
1.325;-0.84719;0.12674;0.73437
1.3333;-0.84756;0.12704;0.73449
1.3417;-0.8479;0.1274;0.73445
1.35;-0.84823;0.12768;0.73443
1.3583;-0.84871;0.12792;0.73468
1.3667;-0.84904;0.12841;0.73458
1.375;-0.84952;0.12874;0.73458
1.3833;-0.85;0.12894;0.73459
1.3917;-0.85041;0.12933;0.73447
1.4;-0.85078;0.12961;0.73456
1.4083;-0.851;0.12987;0.73464
1.4167;-0.85154;0.13005;0.73474
1.425;-0.8519;0.13037;0.73462
1.4333;-0.85212;0.1306;0.73455
1.4417;-0.8524;0.13108;0.73452
1.45;-0.8528;0.13142;0.73451
1.4583;-0.85296;0.13168;0.73455
1.4667;-0.85331;0.13206;0.73457
1.475;-0.85366;0.13241;0.73455
1.4833;-0.85384;0.13278;0.73454
1.4917;-0.8543;0.13321;0.73465
1.5;-0.85453;0.13357;0.73468
1.5083;-0.85462;0.13387;0.73468
1.5167;-0.85485;0.13423;0.73464
1.525;-0.85519;0.13466;0.73462
1.5333;-0.85533;0.135;0.73458
1.5417;-0.8557;0.13513;0.73461
1.55;-0.85597;0.13581;0.73449
1.5583;-0.85608;0.13624;0.73447
1.5667;-0.85616;0.13666;0.73443
1.575;-0.85629;0.13711;0.73439
1.5833;-0.85645;0.1375;0.73442
1.5917;-0.85639;0.13796;0.73434
1.6;-0.85657;0.13817;0.73442
1.6083;-0.85681;0.13844;0.73447
1.6167;-0.85714;0.13889;0.73448
1.625;-0.85737;0.13905;0.73456
1.6333;-0.85742;0.13953;0.73449
1.6417;-0.85754;0.13997;0.73449
1.65;-0.85767;0.14029;0.73452
1.6583;-0.85776;0.1406;0.73447
1.6667;-0.85776;0.14084;0.73445
1.675;-0.85777;0.14109;0.73438
1.6833;-0.85777;0.14146;0.73429
1.6917;-0.85766;0.1418;0.7343
1.7;-0.85762;0.14212;0.73422
1.7083;-0.85761;0.14231;0.73421
1.7167;-0.85761;0.14251;0.73421
1.725;-0.85765;0.14263;0.73423
1.7333;-0.85765;0.14281;0.73426
1.7417;-0.8576;0.14318;0.73414
1.75;-0.85751;0.14352;0.73421
1.7583;-0.85746;0.14392;0.73418
1.7667;-0.85734;0.14421;0.73421
1.775;-0.85724;0.14445;0.73419
1.7833;-0.85707;0.14467;0.73418
1.7917;-0.85678;0.14506;0.73404
1.8;-0.85668;0.14519;0.73399
1.8083;-0.85654;0.1453;0.73398
1.8167;-0.85632;0.14547;0.73396
1.825;-0.85617;0.1456;0.73396
1.8333;-0.85595;0.14572;0.73398
1.8417;-0.85581;0.14584;0.73396
1.85;-0.85556;0.14599;0.73393
1.8583;-0.85523;0.14612;0.73385
1.8667;-0.855;0.14618;0.73385
1.875;-0.85476;0.14615;0.73386
1.8833;-0.85442;0.14614;0.73388
1.8917;-0.85413;0.14614;0.73392
1.9;-0.85384;0.14622;0.73396
1.9083;-0.85353;0.14628;0.73396
1.9167;-0.8532;0.14628;0.73402
1.925;-0.85296;0.14637;0.73386
1.9333;-0.85275;0.14642;0.7338
1.9417;-0.85253;0.14635;0.73387
1.95;-0.85233;0.14629;0.7339
1.9583;-0.852;0.14624;0.73401
1.9667;-0.85174;0.14612;0.73406
1.975;-0.85147;0.14603;0.73406
1.9833;-0.85121;0.1459;0.734
1.9917;-0.85079;0.14578;0.7339
2;-0.85027;0.14548;0.73406
2.0083;-0.85007;0.14534;0.73391
2.0167;-0.84989;0.14516;0.73395
2.025;-0.8495;0.14516;0.73387
2.0333;-0.84935;0.14459;0.73394
2.0417;-0.84909;0.14435;0.73394
2.05;-0.8489;0.14409;0.734
2.0583;-0.84859;0.14363;0.73404
2.0667;-0.84835;0.14324;0.73412
2.075;-0.84818;0.14295;0.73404
2.0833;-0.84781;0.14249;0.73389
2.0917;-0.84758;0.14201;0.73391
2.1;-0.84746;0.1417;0.73398
2.1083;-0.84734;0.14149;0.73405
2.1167;-0.84721;0.14104;0.73405
2.125;-0.847;0.14087;0.734
2.1333;-0.8472;0.14014;0.73409
2.1417;-0.84724;0.13976;0.73413
2.15;-0.8473;0.13928;0.73421
2.1583;-0.84712;0.13904;0.73415
2.1667;-0.84733;0.13836;0.73426
2.175;-0.84742;0.138;0.73423
2.1833;-0.84752;0.13771;0.73421
2.1917;-0.84754;0.13758;0.73429
2.2;-0.84771;0.13718;0.73429
2.2083;-0.84792;0.13674;0.7344
2.2167;-0.84817;0.13631;0.73441
2.225;-0.84834;0.13601;0.73439
2.2333;-0.84855;0.13565;0.73432
2.2417;-0.84878;0.13537;0.73427
2.25;-0.84876;0.13525;0.73408
2.2583;-0.84931;0.13466;0.73436
2.2667;-0.8495;0.13434;0.73432
2.275;-0.84968;0.13409;0.73426
2.2833;-0.84987;0.13382;0.73418
2.2917;-0.85007;0.13358;0.73421
2.3;-0.85025;0.1333;0.73432
2.3083;-0.85044;0.13309;0.73436
2.3167;-0.85055;0.13299;0.73432
2.325;-0.85104;0.13248;0.73438
2.3333;-0.85128;0.13189;0.73462
2.3417;-0.85141;0.1318;0.73442
2.35;-0.85151;0.13146;0.73444
2.3583;-0.85178;0.13104;0.73455
2.3667;-0.85206;0.13071;0.73451
2.375;-0.8523;0.13044;0.73448
2.3833;-0.85251;0.13019;0.7345
2.3917;-0.85287;0.12999;0.73448
2.4;-0.85303;0.13006;0.73442
2.4083;-0.85347;0.12959;0.73453
2.4167;-0.85375;0.12939;0.73457
2.425;-0.85396;0.12921;0.73452
2.4333;-0.85415;0.12884;0.73465
2.4417;-0.85423;0.12875;0.73466
2.45;-0.85441;0.12861;0.73457
2.4583;-0.85466;0.12835;0.73456
2.4667;-0.85516;0.12798;0.73463
2.475;-0.85555;0.12777;0.73463
2.4833;-0.85584;0.12764;0.73466
2.4917;-0.85613;0.12749;0.73464
2.5;-0.85646;0.12728;0.73454
2.5083;-0.85697;0.12714;0.73455
2.5167;-0.85736;0.12703;0.73459
2.525;-0.85768;0.12674;0.73471
2.5333;-0.85788;0.12664;0.73472
2.5417;-0.85812;0.12653;0.73469
2.55;-0.85829;0.12639;0.73467
2.5583;-0.85871;0.12619;0.73471
2.5667;-0.85898;0.12609;0.73476
2.575;-0.85926;0.12605;0.73487
2.5833;-0.85959;0.12607;0.73483
2.5917;-0.85988;0.12607;0.73473
2.6;-0.86045;0.12581;0.73472
2.6083;-0.86083;0.12576;0.73477
2.6167;-0.86113;0.12571;0.73483
2.625;-0.86132;0.12572;0.73479
2.6333;-0.86141;0.12575;0.73481
2.6417;-0.86173;0.12568;0.73478
2.65;-0.86197;0.12579;0.73481
2.6583;-0.86222;0.1259;0.73479
2.6667;-0.8625;0.126;0.73477
2.675;-0.8628;0.12607;0.73474
2.6833;-0.86298;0.12626;0.73475
2.6917;-0.86362;0.12625;0.73481
2.7;-0.864;0.12654;0.73478
2.7083;-0.8642;0.12681;0.73472
2.7167;-0.86461;0.12688;0.73461
2.725;-0.865;0.12708;0.73468
2.7333;-0.86563;0.12718;0.73475
2.7417;-0.86601;0.12752;0.73488
2.75;-0.86623;0.12777;0.73488
2.7583;-0.86661;0.12816;0.73482
2.7667;-0.86709;0.12826;0.73488
2.775;-0.8674;0.12834;0.73492
2.7833;-0.86763;0.1287;0.73478
2.7917;-0.86785;0.12906;0.73486
2.8;-0.86815;0.12925;0.73485
2.8083;-0.86812;0.12967;0.73474
2.8167;-0.86836;0.13001;0.73484
2.825;-0.86853;0.13044;0.73483
2.8333;-0.86861;0.13087;0.73488
2.8417;-0.86863;0.13115;0.73489
2.85;-0.86869;0.13139;0.73485
2.8583;-0.86869;0.13157;0.73484
2.8667;-0.86848;0.13197;0.73453
2.875;-0.86856;0.13218;0.73465
2.8833;-0.86851;0.13258;0.73466
2.8917;-0.86844;0.13294;0.7347
2.9;-0.86841;0.13314;0.73472
2.9083;-0.86836;0.13327;0.73477
2.9167;-0.86839;0.13336;0.73474
2.925;-0.86829;0.13362;0.73498
2.9333;-0.86793;0.13398;0.73479
2.9417;-0.86778;0.13419;0.73485
2.95;-0.86757;0.13447;0.73481
2.9583;-0.86744;0.13472;0.73483
2.9667;-0.86735;0.13493;0.73476
2.975;-0.86715;0.13513;0.73476
2.9833;-0.86699;0.13522;0.73476
2.9917;-0.86678;0.13528;0.73469
3;-0.86669;0.13533;0.73492
3.0083;-0.86605;0.13563;0.73471
3.0167;-0.86546;0.13587;0.73467
3.025;-0.86509;0.13592;0.7346
3.0333;-0.86483;0.13588;0.73458
3.0417;-0.86462;0.13588;0.73461
3.05;-0.86445;0.1358;0.7349
3.0583;-0.86356;0.13604;0.7343
3.0667;-0.86314;0.13606;0.73427
3.075;-0.8631;0.13582;0.73449
3.0833;-0.86281;0.13577;0.73444
3.0917;-0.8624;0.13574;0.73437
3.1;-0.86201;0.13564;0.73449
3.1083;-0.86165;0.13557;0.73456
3.1167;-0.86131;0.13548;0.73445
3.125;-0.86087;0.13547;0.73442
3.1333;-0.86055;0.13538;0.73442
3.1417;-0.86007;0.1351;0.73445
3.15;-0.85967;0.13493;0.73451
3.1583;-0.85941;0.13478;0.73454
3.1667;-0.85894;0.13465;0.73455
3.175;-0.85851;0.1343;0.73466
3.1833;-0.85823;0.13438;0.73457
3.1917;-0.8578;0.13434;0.73455
3.2;-0.85742;0.13406;0.73458
3.2083;-0.85709;0.1338;0.73466
3.2167;-0.85672;0.13376;0.73461
3.225;-0.85643;0.1336;0.73456
3.2333;-0.85606;0.13345;0.73459
3.2417;-0.85553;0.13325;0.73465
3.25;-0.85495;0.13317;0.73462
3.2583;-0.85456;0.13281;0.73467
3.2667;-0.8539;0.13237;0.73463
3.275;-0.85366;0.13228;0.73448
3.2833;-0.85332;0.13202;0.73453
3.2917;-0.8529;0.1317;0.73462
3.3;-0.85252;0.13164;0.73454
3.3083;-0.852;0.13157;0.73457
3.3167;-0.85173;0.13116;0.73448
3.325;-0.85153;0.13074;0.73456
3.3333;-0.85084;0.13064;0.7344
3.3417;-0.85053;0.13004;0.73453
3.35;-0.85005;0.12948;0.73467
3.3583;-0.84953;0.12911;0.73472
3.3667;-0.84912;0.1289;0.73493
3.375;-0.84891;0.12863;0.73465
3.3833;-0.84884;0.12806;0.73477
3.3917;-0.84865;0.12768;0.73486
3.4;-0.84841;0.12746;0.73479
3.4083;-0.84808;0.12727;0.7347
3.4167;-0.84788;0.12681;0.73474
3.425;-0.84762;0.12646;0.73464
3.4333;-0.84729;0.12595;0.7346
3.4417;-0.84708;0.12544;0.73469
3.45;-0.84664;0.12496;0.73466
3.4583;-0.84627;0.12452;0.73476
3.4667;-0.84624;0.12387;0.73499
3.475;-0.84608;0.12373;0.73478
3.4833;-0.84596;0.1235;0.73484
3.4917;-0.84586;0.12312;0.73501
3.5;-0.84588;0.12285;0.73489
3.5083;-0.84588;0.12253;0.73491
3.5167;-0.84589;0.12231;0.73491
3.525;-0.84587;0.12212;0.73489
3.5333;-0.84586;0.12163;0.73507
3.5417;-0.84574;0.12147;0.73497
3.55;-0.84551;0.1213;0.73492
3.5583;-0.8454;0.12107;0.73487
3.5667;-0.84544;0.12074;0.73486
3.575;-0.84543;0.1205;0.73486
3.5833;-0.84561;0.12023;0.73488
3.5917;-0.84571;0.11977;0.735
3.6;-0.84581;0.11964;0.73495
3.6083;-0.84601;0.11956;0.73488
3.6167;-0.84614;0.1194;0.73478
3.625;-0.84623;0.11911;0.73481
3.6333;-0.84624;0.11876;0.73486
3.6417;-0.84633;0.1183;0.73492
3.65;-0.84641;0.11811;0.73487
3.6583;-0.84646;0.11787;0.73488
3.6667;-0.84658;0.11766;0.73488
3.675;-0.84665;0.11744;0.7349
3.6833;-0.84675;0.11725;0.73492
3.6917;-0.84683;0.11696;0.73488
3.7;-0.84696;0.11658;0.73486
3.7083;-0.84701;0.11632;0.73485
3.7167;-0.84706;0.11595;0.73496
3.725;-0.84724;0.1157;0.73497
3.7333;-0.84733;0.1155;0.73495
3.7417;-0.84772;0.11512;0.73519
3.75;-0.84783;0.11495;0.73516
3.7583;-0.84782;0.11479;0.73496
3.7667;-0.84813;0.11459;0.73493
3.775;-0.84843;0.1144;0.73501
3.7833;-0.84865;0.11433;0.73497
3.7917;-0.8489;0.11419;0.73496
3.8;-0.84902;0.11417;0.73489
3.8083;-0.84942;0.11393;0.73491
3.8167;-0.84966;0.11388;0.7349
3.825;-0.84996;0.11381;0.7349
3.8333;-0.85029;0.11384;0.73498
3.8417;-0.85043;0.11395;0.73498
3.85;-0.85066;0.11397;0.73498
3.8583;-0.85095;0.11396;0.735
3.8667;-0.85135;0.11392;0.73507
3.875;-0.85195;0.11407;0.73507
3.8833;-0.85235;0.11429;0.73494
3.8917;-0.85276;0.11474;0.73485
3.9;-0.8531;0.11529;0.73475
3.9083;-0.85352;0.11547;0.73492
3.9167;-0.85384;0.11563;0.73493
3.925;-0.85412;0.11588;0.73484
3.9333;-0.85444;0.11622;0.73477
3.9417;-0.85471;0.11649;0.73485
3.95;-0.85523;0.11669;0.7348
3.9583;-0.85556;0.11703;0.73487
3.9667;-0.85553;0.11748;0.73474
3.975;-0.85592;0.11757;0.73501
3.9833;-0.85597;0.11795;0.73496
3.9917;-0.85613;0.11819;0.73495
4;-0.85628;0.11849;0.73497
4.0083;-0.85626;0.11888;0.73484
4.0167;-0.8563;0.11912;0.73481
4.025;-0.85629;0.11932;0.73482
4.0333;-0.85636;0.11959;0.73479
4.0417;-0.85651;0.11976;0.73482
4.05;-0.85654;0.12011;0.73489
4.0583;-0.85666;0.12032;0.73494
4.0667;-0.85674;0.12057;0.73492
4.075;-0.85674;0.12074;0.73498
4.0833;-0.85677;0.12097;0.73492
4.0917;-0.85677;0.12123;0.73492
4.1;-0.85666;0.12174;0.73476
4.1083;-0.85676;0.12168;0.73497
4.1167;-0.85663;0.12215;0.73478
4.125;-0.85663;0.1223;0.73475
4.1333;-0.85658;0.1225;0.73473
4.1417;-0.85654;0.12265;0.73476
4.15;-0.85646;0.1228;0.73476
4.1583;-0.85637;0.12287;0.73484
4.1667;-0.85632;0.12298;0.73487
4.175;-0.85627;0.12312;0.73485
4.1833;-0.85623;0.12323;0.73489
4.1917;-0.85624;0.12331;0.7349
4.2;-0.85611;0.12354;0.73492
4.2083;-0.85581;0.12402;0.73474
4.2167;-0.85559;0.12434;0.73461
4.225;-0.85536;0.12463;0.7346
4.2333;-0.85486;0.12514;0.73442
4.2417;-0.85487;0.12503;0.73456
4.25;-0.85485;0.12535;0.73465
4.2583;-0.85459;0.12567;0.73458
4.2667;-0.85451;0.12573;0.7347
4.275;-0.85444;0.12586;0.73477
4.2833;-0.85433;0.12612;0.73466
4.2917;-0.85419;0.12635;0.73462
4.3;-0.85426;0.12635;0.73485
4.3083;-0.85392;0.12666;0.73463
4.3167;-0.85382;0.12684;0.73468
4.325;-0.8535;0.12723;0.73463
4.3333;-0.85345;0.12742;0.73467
4.3417;-0.85275;0.12774;0.73487
4.35;-0.85302;0.12779;0.73475
4.3583;-0.85289;0.12798;0.73474
4.3667;-0.85269;0.12814;0.73475
4.375;-0.85244;0.12838;0.7347
4.3833;-0.85222;0.12866;0.73464
4.3917;-0.85201;0.12882;0.7347
4.4;-0.85181;0.1291;0.7347
4.4083;-0.8515;0.12931;0.73472
4.4167;-0.85115;0.12952;0.73469
4.425;-0.85086;0.12979;0.73464
4.4333;-0.85068;0.12993;0.73468
4.4417;-0.85051;0.13014;0.73468
4.45;-0.85035;0.13024;0.73477
4.4583;-0.85021;0.13044;0.73484
4.4667;-0.85001;0.13062;0.73482
4.475;-0.8498;0.13074;0.73482
4.4833;-0.8495;0.13093;0.73468
4.4917;-0.84917;0.13105;0.73464
4.5;-0.84898;0.13119;0.73465
4.5083;-0.84875;0.13129;0.73475
4.5167;-0.84856;0.13143;0.73476
4.525;-0.84846;0.13154;0.73485
4.5333;-0.84819;0.13181;0.7348
4.5417;-0.84802;0.1319;0.73477
4.55;-0.84775;0.13203;0.73465
4.5583;-0.84733;0.13218;0.73461
4.5667;-0.847;0.1323;0.73462
4.575;-0.84678;0.1324;0.7346
4.5833;-0.84658;0.13248;0.73471
4.5917;-0.84641;0.13258;0.73469
4.6;-0.8462;0.13267;0.73467
4.6083;-0.84591;0.13281;0.73461
4.6167;-0.84544;0.13302;0.73461
4.625;-0.8452;0.1331;0.73461
4.6333;-0.84501;0.13313;0.73466
4.6417;-0.84483;0.13313;0.7347
4.65;-0.84463;0.13323;0.7347
4.6583;-0.84443;0.13332;0.73463
4.6667;-0.8441;0.13348;0.73456
4.675;-0.84376;0.13368;0.73449
4.6833;-0.84358;0.13379;0.73448
4.6917;-0.84346;0.13389;0.73447
4.7;-0.8434;0.13392;0.7345
4.7083;-0.84339;0.13382;0.73453
4.7167;-0.84322;0.134;0.7345
4.725;-0.84317;0.13392;0.73456
4.7333;-0.84312;0.13388;0.73461
4.7417;-0.84299;0.13397;0.73461
4.75;-0.8428;0.13407;0.7346
4.7583;-0.84267;0.1341;0.73461
4.7667;-0.84254;0.13416;0.73456
4.775;-0.8423;0.13417;0.73454
4.7833;-0.84208;0.13425;0.7345
4.7917;-0.8419;0.13425;0.73451
4.8;-0.84165;0.13439;0.73451
4.8083;-0.84153;0.13436;0.73453
4.8167;-0.84152;0.13417;0.73455
4.825;-0.84141;0.13414;0.73454
4.8333;-0.84135;0.13409;0.73456
4.8417;-0.84125;0.13409;0.73454
4.85;-0.84118;0.13403;0.73453
4.8583;-0.84107;0.13404;0.73451
4.8667;-0.84095;0.134;0.73446
4.875;-0.84076;0.13394;0.73442
4.8833;-0.84053;0.13386;0.73441
4.8917;-0.84038;0.13373;0.73442
4.9;-0.84026;0.13359;0.73448
4.9083;-0.84011;0.13346;0.73458
4.9167;-0.83991;0.13344;0.73449
4.925;-0.83975;0.13339;0.73444
4.9333;-0.83961;0.1333;0.73448
4.9417;-0.83954;0.13323;0.73446
4.95;-0.8395;0.13321;0.73445
4.9583;-0.83944;0.13316;0.73444
4.9667;-0.83945;0.13312;0.73445
4.975;-0.83941;0.13306;0.73446
4.9833;-0.83923;0.13307;0.73445
4.9917;-0.83921;0.13303;0.73447
5;-0.83922;0.13287;0.73452
5.0083;-0.83917;0.13292;0.73452
5.0167;-0.83921;0.13285;0.73452
5.025;-0.83917;0.13287;0.73454
5.0333;-0.83917;0.13292;0.73451
5.0417;-0.83916;0.1329;0.7345
5.05;-0.83921;0.13281;0.73449
5.0583;-0.83918;0.13289;0.73448
5.0667;-0.83914;0.1329;0.73446
5.075;-0.83913;0.13288;0.73448
5.0833;-0.83913;0.13282;0.7345
5.0917;-0.83924;0.13283;0.73474
5.1;-0.83901;0.13288;0.73449
5.1083;-0.83896;0.13277;0.73438
5.1167;-0.83892;0.13271;0.73438
5.125;-0.83894;0.13261;0.73441
5.1333;-0.83889;0.13254;0.73442
5.1417;-0.8388;0.13255;0.73442
5.15;-0.83873;0.13249;0.73444
5.1583;-0.83859;0.13253;0.73449
5.1667;-0.83839;0.13258;0.73442
5.175;-0.83832;0.13254;0.73438
5.1833;-0.83826;0.1325;0.73436
5.1917;-0.83819;0.13242;0.73433
5.2;-0.8381;0.13223;0.73432
5.2083;-0.83798;0.13209;0.7343
5.2167;-0.83783;0.13192;0.73428
5.225;-0.83767;0.1318;0.73421
5.2333;-0.8374;0.13161;0.73418
5.2417;-0.83724;0.13151;0.73414
5.25;-0.83719;0.13133;0.73416
5.2583;-0.83712;0.13114;0.73424
5.2667;-0.83694;0.13093;0.73433
5.275;-0.8367;0.13068;0.73435
5.2833;-0.83656;0.13046;0.73436
5.2917;-0.8364;0.13028;0.73437
5.3;-0.8363;0.12995;0.73442
5.3083;-0.8361;0.12967;0.73441
5.3167;-0.83587;0.12942;0.73449
5.325;-0.8358;0.1293;0.73441
5.3333;-0.83591;0.12901;0.7343
5.3417;-0.83593;0.12881;0.73431
5.35;-0.836;0.12847;0.73438
5.3583;-0.83602;0.12831;0.73437
5.3667;-0.8361;0.12808;0.73443
5.375;-0.83626;0.12782;0.73438
5.3833;-0.83633;0.12757;0.73437
5.3917;-0.83641;0.12736;0.73434
5.4;-0.8367;0.12704;0.73442
5.4083;-0.83698;0.12669;0.73441
5.4167;-0.83683;0.12689;0.73412
5.425;-0.83702;0.12681;0.73406
5.4333;-0.83777;0.12627;0.73437
5.4417;-0.83806;0.12624;0.73448
5.45;-0.83845;0.12638;0.7344
5.4583;-0.83865;0.12633;0.73437
5.4667;-0.83883;0.12615;0.7342
5.475;-0.83915;0.12604;0.73426
5.4833;-0.84003;0.12561;0.73484
5.4917;-0.8403;0.12567;0.73453
5.5;-0.84071;0.12575;0.73448
5.5083;-0.84116;0.12583;0.73454
5.5167;-0.84151;0.12578;0.73456
5.525;-0.84228;0.12555;0.73492
5.5333;-0.8427;0.12584;0.73462
5.5417;-0.84323;0.12595;0.73447
5.55;-0.84379;0.12594;0.73462
5.5583;-0.84413;0.12604;0.73468
5.5667;-0.84448;0.12621;0.73454
5.575;-0.84504;0.12625;0.7346
5.5833;-0.84546;0.12635;0.73473
5.5917;-0.84582;0.12642;0.73465
5.6;-0.84639;0.12661;0.73462
5.6083;-0.84695;0.12681;0.73457
5.6167;-0.84768;0.12693;0.73464
5.625;-0.84798;0.12722;0.73461
5.6333;-0.84858;0.1274;0.73484
5.6417;-0.84908;0.12771;0.73471
5.65;-0.84947;0.1282;0.73476
5.6583;-0.84994;0.12854;0.73474
5.6667;-0.85027;0.12891;0.7347
5.675;-0.85084;0.12933;0.73475
5.6833;-0.85121;0.12995;0.7348
5.6917;-0.85196;0.13035;0.73479
5.7;-0.85227;0.13112;0.73489
5.7083;-0.85276;0.13163;0.73478
5.7167;-0.85336;0.13224;0.73472
5.725;-0.85361;0.13286;0.73452
5.7333;-0.85424;0.13339;0.73471
5.7417;-0.85447;0.13384;0.73481
5.75;-0.85495;0.13405;0.73487
5.7583;-0.8553;0.13463;0.73485
5.7667;-0.85533;0.13507;0.73484
5.775;-0.85551;0.13528;0.73487
5.7833;-0.85577;0.13563;0.73478
5.7917;-0.85579;0.13613;0.73479
5.8;-0.85583;0.1366;0.73477
5.8083;-0.85593;0.13696;0.73475
5.8167;-0.85613;0.13729;0.73467
5.825;-0.85627;0.13761;0.73477
5.8333;-0.85618;0.13825;0.7347
5.8417;-0.85618;0.13873;0.73469
5.85;-0.85637;0.13909;0.73465
5.8583;-0.85651;0.13936;0.73479
5.8667;-0.85655;0.13972;0.73469
5.875;-0.85658;0.1401;0.7347
5.8833;-0.85664;0.14051;0.73464
5.8917;-0.85681;0.14062;0.73469
5.9;-0.85676;0.141;0.73467
5.9083;-0.85679;0.14128;0.73473
5.9167;-0.8567;0.1417;0.73468
5.925;-0.85667;0.14224;0.73465
5.9333;-0.85662;0.14274;0.73461
5.9417;-0.85623;0.14344;0.73438
5.95;-0.85624;0.14345;0.73442
5.9583;-0.85615;0.14376;0.73436
5.9667;-0.85607;0.14412;0.73434
5.975;-0.85596;0.1444;0.73435
5.9833;-0.8559;0.14467;0.73442
5.9917;-0.85582;0.14495;0.73442
6;-0.85576;0.14509;0.73444
6.0083;-0.8557;0.1452;0.73444
6.0167;-0.85561;0.14531;0.73445
6.025;-0.85548;0.14541;0.73442
6.0333;-0.85522;0.14567;0.73433
6.0417;-0.85504;0.14573;0.73428
6.05;-0.8547;0.14583;0.73434
6.0583;-0.85438;0.14594;0.7343
6.0667;-0.85415;0.14595;0.73435
6.075;-0.85392;0.14597;0.73436
6.0833;-0.85374;0.14596;0.73435
6.0917;-0.85351;0.14601;0.73432
6.1;-0.85315;0.14613;0.73416
6.1083;-0.85262;0.14616;0.73411
6.1167;-0.8525;0.14579;0.73426
6.125;-0.85221;0.14574;0.73421
6.1333;-0.85185;0.14551;0.7343
6.1417;-0.85148;0.14532;0.73427
6.15;-0.85119;0.14513;0.73437
6.1583;-0.85091;0.14497;0.73439
6.1667;-0.8505;0.14474;0.73435
6.175;-0.84998;0.14481;0.73426
6.1833;-0.84956;0.14458;0.73425
6.1917;-0.84927;0.14427;0.73422
6.2;-0.849;0.14398;0.73421
6.2083;-0.84871;0.14367;0.73419
6.2167;-0.84827;0.14339;0.73422
6.225;-0.84797;0.14297;0.73421
6.2333;-0.84765;0.14245;0.7342
6.2417;-0.84742;0.14195;0.73416
6.25;-0.84727;0.14157;0.7342
6.2583;-0.8471;0.14116;0.7342
6.2667;-0.84705;0.14057;0.73427
6.275;-0.84702;0.14013;0.73426
6.2833;-0.84713;0.13966;0.73433
6.2917;-0.84712;0.13928;0.73438
6.3;-0.84734;0.1386;0.73448
6.3083;-0.84736;0.13819;0.73444
6.3167;-0.84738;0.13778;0.7344
6.325;-0.84728;0.13759;0.73429
6.3333;-0.84739;0.13687;0.73435
6.3417;-0.84743;0.13637;0.73441
6.35;-0.8477;0.13581;0.73449
6.3583;-0.84793;0.13549;0.73446
6.3667;-0.84817;0.13496;0.73443
6.375;-0.84827;0.13465;0.73439
6.3833;-0.84862;0.13404;0.73445
6.3917;-0.84891;0.1336;0.73456
6.4;-0.84923;0.13316;0.73459
6.4083;-0.84943;0.13287;0.73461
6.4167;-0.84963;0.13251;0.73467
6.425;-0.84983;0.13226;0.73465
6.4333;-0.85;0.13193;0.73468
6.4417;-0.85031;0.13151;0.7347
6.45;-0.85063;0.13108;0.73475
6.4583;-0.85084;0.13079;0.73474
6.4667;-0.85114;0.13044;0.7347
6.475;-0.85128;0.13022;0.73475
6.4833;-0.85176;0.12981;0.73484
6.4917;-0.85198;0.12955;0.73489
6.5;-0.85227;0.12927;0.73491
6.5083;-0.85255;0.12901;0.73484
6.5167;-0.85284;0.1287;0.73478
6.525;-0.85321;0.12851;0.73477
6.5333;-0.8536;0.12827;0.73485
6.5417;-0.85404;0.12811;0.73481
6.55;-0.85439;0.12792;0.73481
6.5583;-0.85458;0.1278;0.73482
6.5667;-0.85507;0.12745;0.73488
6.575;-0.8554;0.12742;0.73477
6.5833;-0.85587;0.12711;0.73481
6.5917;-0.85606;0.12712;0.73484
6.6;-0.85629;0.12705;0.73486
6.6083;-0.85658;0.12693;0.73484
6.6167;-0.85707;0.12678;0.73483
6.625;-0.85751;0.12657;0.73484
6.6333;-0.85787;0.12646;0.73487
6.6417;-0.8583;0.12625;0.73485
6.65;-0.8587;0.12612;0.73494
6.6583;-0.85943;0.12584;0.73504
6.6667;-0.85958;0.12606;0.73504
6.675;-0.85994;0.12605;0.73492
6.6833;-0.86057;0.12595;0.73497
6.6917;-0.86114;0.12592;0.73496
6.7;-0.86138;0.12609;0.73493
6.7083;-0.86179;0.1261;0.73499
6.7167;-0.86213;0.12635;0.73501
6.725;-0.8627;0.12632;0.73502
6.7333;-0.86321;0.12617;0.73521
6.7417;-0.8637;0.12641;0.73505
6.75;-0.86413;0.12661;0.73492
6.7583;-0.86441;0.12694;0.73505
6.7667;-0.86493;0.12699;0.73494
6.775;-0.86536;0.12724;0.73505
6.7833;-0.86587;0.12755;0.73521
6.7917;-0.86603;0.12782;0.7352
6.8;-0.86639;0.12806;0.73516
6.8083;-0.86667;0.12836;0.73516
6.8167;-0.86688;0.12862;0.73518
6.825;-0.86714;0.12894;0.73518
6.8333;-0.8674;0.12951;0.73518
6.8417;-0.86751;0.13;0.73504
6.85;-0.86766;0.13035;0.73507
6.8583;-0.8678;0.1308;0.73503
6.8667;-0.86779;0.13125;0.73499
6.875;-0.86796;0.13147;0.73501
6.8833;-0.86788;0.13176;0.73495
6.8917;-0.8678;0.13209;0.73497
6.9;-0.86773;0.13243;0.73496
6.9083;-0.86756;0.13275;0.73496
6.9167;-0.86732;0.13318;0.73492
6.925;-0.86709;0.13349;0.73481
6.9333;-0.86707;0.13374;0.73506
6.9417;-0.8668;0.134;0.73516
6.95;-0.86669;0.13404;0.73524
6.9583;-0.86648;0.13408;0.73528
6.9667;-0.86619;0.13419;0.73528
6.975;-0.86584;0.1343;0.73532
6.9833;-0.86542;0.13445;0.73511
6.9917;-0.86513;0.13463;0.73507
7;-0.86485;0.13481;0.73506
7.0083;-0.86467;0.13479;0.7351
7.0167;-0.86438;0.13487;0.73505
7.025;-0.86413;0.13489;0.73505
7.0333;-0.8638;0.13493;0.73508
7.0417;-0.86357;0.13493;0.73502
7.05;-0.86302;0.13513;0.73504
7.0583;-0.86264;0.13509;0.73503
7.0667;-0.86205;0.13516;0.73507
7.075;-0.86199;0.1349;0.73505
7.0833;-0.86157;0.13496;0.73501
7.0917;-0.86129;0.1348;0.73495
7.1;-0.86105;0.1346;0.73493
7.1083;-0.86081;0.13448;0.73497
7.1167;-0.86039;0.13443;0.73494
7.125;-0.86007;0.13433;0.73494
7.1333;-0.85968;0.13431;0.73498
7.1417;-0.85934;0.13418;0.73507
7.15;-0.85895;0.13402;0.73513
7.1583;-0.85862;0.13387;0.73512
7.1667;-0.85818;0.13365;0.73513
7.175;-0.85761;0.13341;0.73507
7.1833;-0.85732;0.13315;0.7351
7.1917;-0.85699;0.13307;0.73511
7.2;-0.85668;0.13291;0.73512
7.2083;-0.85645;0.13276;0.73512
7.2167;-0.85581;0.13272;0.73529
7.225;-0.85566;0.13267;0.73533
7.2333;-0.85541;0.13264;0.73514
7.2417;-0.85511;0.13245;0.73512
7.25;-0.85486;0.1322;0.73517
7.2583;-0.85445;0.13206;0.73516
7.2667;-0.85418;0.13182;0.73507
7.275;-0.85397;0.13173;0.73506
7.2833;-0.85376;0.13158;0.73512
7.2917;-0.85342;0.13149;0.73512
7.3;-0.85319;0.13123;0.73508
7.3083;-0.85283;0.13116;0.73508
7.3167;-0.85262;0.13095;0.73511
7.325;-0.85229;0.13063;0.73507
7.3333;-0.85203;0.13026;0.73507
7.3417;-0.85176;0.13009;0.73504
7.35;-0.85108;0.12976;0.73502
7.3583;-0.85081;0.12935;0.73507
7.3667;-0.85066;0.12906;0.73511
7.375;-0.85037;0.12886;0.73509
7.3833;-0.85006;0.12867;0.73511
7.3917;-0.84985;0.12863;0.73513
7.4;-0.84976;0.12849;0.73518
7.4083;-0.84969;0.12838;0.73518
7.4167;-0.84941;0.12829;0.7353
7.425;-0.84947;0.12789;0.73517
7.4333;-0.84926;0.12756;0.73513
7.4417;-0.84907;0.1273;0.73511
7.45;-0.8489;0.12702;0.73512
7.4583;-0.84845;0.12654;0.73505
7.4667;-0.84825;0.12605;0.73508
7.475;-0.84807;0.12579;0.73506
7.4833;-0.84785;0.12545;0.73502
7.4917;-0.84773;0.12503;0.73508
7.5;-0.84765;0.12475;0.73513
7.5083;-0.84752;0.12452;0.73513
7.5167;-0.84733;0.12415;0.73513
7.525;-0.84711;0.12382;0.73508
7.5333;-0.84697;0.12347;0.7351
7.5417;-0.8469;0.12325;0.73514
7.55;-0.84688;0.12304;0.73514
7.5583;-0.8467;0.12279;0.73511
7.5667;-0.84659;0.12251;0.73508
7.575;-0.84661;0.12213;0.73506
7.5833;-0.84651;0.12186;0.73516
7.5917;-0.84647;0.12164;0.73517
7.6;-0.84645;0.12149;0.73515
7.6083;-0.84638;0.12135;0.73515
7.6167;-0.84629;0.12108;0.73511
7.625;-0.84613;0.12079;0.73501
7.6333;-0.84603;0.12044;0.73501
7.6417;-0.84595;0.12013;0.73493
7.65;-0.84585;0.12002;0.7349
7.6583;-0.8457;0.11989;0.73482
7.6667;-0.84564;0.11962;0.73474
7.675;-0.84584;0.11911;0.73474
7.6833;-0.846;0.11861;0.735
7.6917;-0.84597;0.11836;0.73501
7.7;-0.84589;0.11817;0.73499
7.7083;-0.8458;0.11801;0.73502
7.7167;-0.84581;0.11787;0.73499
7.725;-0.8458;0.11779;0.7349
7.7333;-0.84576;0.11763;0.73487
7.7417;-0.84572;0.11743;0.73489
7.75;-0.84573;0.11723;0.73491
7.7583;-0.84577;0.11701;0.73496
7.7667;-0.84581;0.11681;0.73492
7.775;-0.84581;0.11664;0.73496
7.7833;-0.84615;0.11602;0.73525
7.7917;-0.8462;0.11588;0.73519
7.8;-0.84626;0.11578;0.73509
7.8083;-0.84631;0.11563;0.73504
7.8167;-0.84637;0.1155;0.73496
7.825;-0.84639;0.11542;0.73495
7.8333;-0.84651;0.1153;0.73492
7.8417;-0.84658;0.11515;0.73493
7.85;-0.84671;0.11509;0.73494
7.8583;-0.84681;0.11503;0.73496
7.8667;-0.84714;0.11462;0.735
7.875;-0.84736;0.11433;0.73506
7.8833;-0.84758;0.11417;0.73527
7.8917;-0.84784;0.11397;0.73514
7.9;-0.84787;0.11384;0.73514
7.9083;-0.84778;0.11391;0.73516
7.9167;-0.84786;0.11384;0.73493
7.925;-0.84792;0.11376;0.7349
7.9333;-0.84788;0.1136;0.73504
7.9417;-0.84799;0.11356;0.73507
7.95;-0.8482;0.11351;0.73512
7.9583;-0.84848;0.11361;0.73498
7.9667;-0.84873;0.11339;0.7351
7.975;-0.84888;0.11337;0.73507
7.9833;-0.84904;0.11326;0.73508
7.9917;-0.84913;0.11329;0.73513
8;-0.8492;0.11328;0.73507
8.0083;-0.84943;0.11325;0.73519
8.0167;-0.84938;0.11327;0.73502
8.025;-0.84949;0.11327;0.735
8.0333;-0.84972;0.11309;0.7351
8.0417;-0.84984;0.11308;0.73511
8.05;-0.84992;0.1131;0.73511
8.0583;-0.85003;0.11309;0.73517
8.0667;-0.85022;0.11309;0.73512
8.075;-0.85034;0.1129;0.73508
8.0833;-0.85039;0.1129;0.73511
8.0917;-0.85054;0.11327;0.73519
8.1;-0.85059;0.11338;0.7352
8.1083;-0.85069;0.11346;0.73521
8.1167;-0.85082;0.11353;0.73515
8.125;-0.85093;0.11362;0.73517
8.1333;-0.85105;0.11373;0.73517
8.1417;-0.85127;0.11378;0.73517
8.15;-0.85146;0.11389;0.73519
8.1583;-0.8516;0.11402;0.73522
8.1667;-0.85188;0.11407;0.7352
8.175;-0.85218;0.11431;0.7349
8.1833;-0.85236;0.11441;0.73493
8.1917;-0.8525;0.11449;0.73498
8.2;-0.85263;0.11456;0.735
8.2083;-0.85273;0.11475;0.73495
8.2167;-0.85283;0.11487;0.73493
8.225;-0.85295;0.11502;0.7349
8.2333;-0.85307;0.11518;0.73487
8.2417;-0.85334;0.1154;0.73492
8.25;-0.85349;0.11553;0.73498
8.2583;-0.85363;0.11564;0.73501
8.2667;-0.85376;0.11579;0.73501
8.275;-0.85391;0.11591;0.73497
8.2833;-0.85418;0.11607;0.73499
8.2917;-0.85439;0.1165;0.73508
8.3;-0.85454;0.1168;0.73511
8.3083;-0.85472;0.11693;0.73512
8.3167;-0.85496;0.11717;0.73513
8.325;-0.85507;0.11736;0.73519
8.3333;-0.85528;0.1176;0.73511
8.3417;-0.85531;0.11776;0.73522
8.35;-0.85537;0.11791;0.73526
8.3583;-0.85542;0.11807;0.73529
8.3667;-0.85542;0.11827;0.7353
8.375;-0.85547;0.11849;0.73532
8.3833;-0.85551;0.11873;0.73533
8.3917;-0.85544;0.11906;0.73516
8.4;-0.85514;0.11966;0.73507
8.4083;-0.85519;0.11981;0.73513
8.4167;-0.85528;0.11999;0.73516
8.425;-0.85533;0.12019;0.7352
8.4333;-0.85536;0.12042;0.73523
8.4417;-0.85542;0.12077;0.73519
8.45;-0.85542;0.12094;0.73522
8.4583;-0.85539;0.12113;0.7352
8.4667;-0.85538;0.12132;0.73524
8.475;-0.85536;0.12147;0.73526
8.4833;-0.85533;0.12163;0.73529
8.4917;-0.85485;0.12232;0.73498
8.5;-0.85486;0.12242;0.73503
8.5083;-0.85488;0.12262;0.73507
8.5167;-0.85488;0.12286;0.73509
8.525;-0.85488;0.12314;0.7351
8.5333;-0.8549;0.1232;0.73514
8.5417;-0.85493;0.12325;0.73514
8.55;-0.85485;0.12341;0.7352
8.5583;-0.85487;0.1235;0.73524
8.5667;-0.85469;0.12371;0.73508
8.575;-0.8548;0.1237;0.7353
8.5833;-0.85479;0.12385;0.73534
8.5917;-0.85427;0.12467;0.73511
8.6;-0.85426;0.1249;0.73517
8.6083;-0.85425;0.12507;0.73522
8.6167;-0.85423;0.1252;0.73529
8.625;-0.85423;0.12526;0.73528
8.6333;-0.85421;0.12534;0.73533
8.6417;-0.85417;0.12542;0.73531
8.65;-0.85409;0.12554;0.73527
8.6583;-0.85423;0.12563;0.73535
8.6667;-0.85396;0.12573;0.73529
8.675;-0.85383;0.12589;0.73515
8.6833;-0.85368;0.12594;0.73526
8.6917;-0.8535;0.12615;0.73519
8.7;-0.85345;0.12633;0.73521
8.7083;-0.85329;0.12658;0.73527
8.7167;-0.85302;0.12679;0.7355
8.725;-0.85307;0.12702;0.73537
8.7333;-0.85294;0.12728;0.73526
8.7417;-0.85291;0.12739;0.73525
8.75;-0.8528;0.12754;0.73523
8.7583;-0.85279;0.12765;0.73524
8.7667;-0.85271;0.12779;0.73521
8.775;-0.85262;0.12799;0.73524
8.7833;-0.85247;0.12823;0.73524
8.7917;-0.85236;0.12843;0.73525
8.8;-0.85225;0.1286;0.7353
8.8083;-0.85211;0.12884;0.73527
8.8167;-0.85196;0.12895;0.7353
8.825;-0.85171;0.12927;0.73523
8.8333;-0.85144;0.12954;0.73517
8.8417;-0.85118;0.1299;0.73511
8.85;-0.85104;0.1301;0.73507
8.8583;-0.85088;0.13034;0.735
8.8667;-0.85075;0.13043;0.73511
8.875;-0.85059;0.13056;0.7351
8.8833;-0.85049;0.13053;0.73513
8.8917;-0.85034;0.13068;0.73511
8.9;-0.85011;0.13085;0.73506
8.9083;-0.84958;0.13114;0.73501
8.9167;-0.849;0.13144;0.73524
8.925;-0.84875;0.13165;0.73508
8.9333;-0.84845;0.13174;0.73506
8.9417;-0.84803;0.13198;0.73493
8.95;-0.84745;0.13222;0.73482
8.9583;-0.84703;0.13229;0.7349
8.9667;-0.84674;0.13237;0.73488
8.975;-0.84647;0.13244;0.7349
8.9833;-0.8461;0.13248;0.73495
8.9917;-0.84533;0.13278;0.7351
9;-0.84515;0.13275;0.73494
9.0083;-0.84488;0.13277;0.7349
9.0167;-0.8446;0.13296;0.73489
9.025;-0.8442;0.13293;0.73481
9.0333;-0.84366;0.133;0.73484
9.0417;-0.84328;0.13308;0.73483
9.05;-0.84298;0.13306;0.7349
9.0583;-0.84248;0.1331;0.73489
9.0667;-0.84213;0.13307;0.73492
9.075;-0.84181;0.13327;0.7348
9.0833;-0.84144;0.1334;0.73475
9.0917;-0.84117;0.13334;0.73478
9.1;-0.84066;0.13324;0.73476
9.1083;-0.84044;0.13308;0.73479
9.1167;-0.84032;0.13292;0.73481
9.125;-0.83991;0.13277;0.73486
9.1333;-0.83921;0.13269;0.73484
9.1417;-0.83871;0.13266;0.73492
9.15;-0.83826;0.13257;0.7348
9.1583;-0.83792;0.13235;0.73471
9.1667;-0.83734;0.13213;0.73476
9.175;-0.83701;0.13201;0.73472
9.1833;-0.83685;0.13178;0.73474
9.1917;-0.8367;0.13171;0.73475
9.2;-0.83651;0.13153;0.73474
9.2083;-0.83621;0.13138;0.7347
9.2167;-0.83595;0.1312;0.73466
9.225;-0.83576;0.13109;0.73464
9.2333;-0.8357;0.13092;0.73468
9.2417;-0.83555;0.13066;0.73472
9.25;-0.83539;0.13028;0.73472
9.2583;-0.83528;0.12977;0.73474
9.2667;-0.83521;0.12947;0.73476
9.275;-0.83513;0.12917;0.73481
9.2833;-0.83509;0.12887;0.7349
9.2917;-0.83487;0.12868;0.73488
9.3;-0.83461;0.1286;0.73464
9.3083;-0.83465;0.12813;0.73474
9.3167;-0.83452;0.1283;0.73461
9.325;-0.83454;0.12814;0.73461
9.3333;-0.83459;0.12793;0.73464
9.3417;-0.83467;0.12773;0.73467
9.35;-0.83478;0.12756;0.73462
9.3583;-0.8349;0.12736;0.73461
9.3667;-0.835;0.12741;0.73443
9.375;-0.83501;0.1271;0.73432
9.3833;-0.83545;0.12654;0.73456
9.3917;-0.83561;0.12622;0.73465
9.4;-0.83567;0.12593;0.73475
9.4083;-0.83573;0.12575;0.73472
9.4167;-0.836;0.12539;0.73465
9.425;-0.83629;0.12501;0.73465
9.4333;-0.83655;0.12493;0.73461
9.4417;-0.83704;0.12473;0.73467
9.45;-0.83733;0.12464;0.73471
9.4583;-0.83759;0.12446;0.73474
9.4667;-0.83779;0.12445;0.73458
9.475;-0.83802;0.12468;0.7344
9.4833;-0.83853;0.12443;0.73462
9.4917;-0.83908;0.12427;0.73474
9.5;-0.83942;0.12414;0.73481
9.5083;-0.83988;0.1241;0.73484
9.5167;-0.84053;0.12421;0.73484
9.525;-0.84087;0.12436;0.73465
9.5333;-0.84158;0.12451;0.73498
9.5417;-0.84217;0.12464;0.73494
9.55;-0.84283;0.12481;0.73501
9.5583;-0.8432;0.12497;0.73502
9.5667;-0.8435;0.12542;0.73495
9.575;-0.84429;0.12556;0.735
9.5833;-0.84477;0.12577;0.73506
9.5917;-0.84532;0.12615;0.73499
9.6;-0.84565;0.1264;0.73506
9.6083;-0.84623;0.1268;0.73508
9.6167;-0.84655;0.12732;0.73505
9.625;-0.84717;0.12768;0.73511
9.6333;-0.84748;0.12798;0.73507
9.6417;-0.84757;0.12865;0.7352
9.65;-0.84827;0.12905;0.73499
9.6583;-0.84881;0.12927;0.7351
9.6667;-0.84927;0.12961;0.73515
9.675;-0.84958;0.13021;0.73512
9.6833;-0.85003;0.13054;0.73514
9.6917;-0.85039;0.13077;0.73504
9.7;-0.85062;0.1312;0.73501
9.7083;-0.85086;0.13173;0.73501
9.7167;-0.85144;0.13223;0.735
9.725;-0.85177;0.13257;0.73508
9.7333;-0.85188;0.13332;0.73495
9.7417;-0.85235;0.13382;0.73497
9.75;-0.85265;0.13436;0.73497
9.7583;-0.85304;0.13492;0.73502
9.7667;-0.85338;0.13555;0.73501
9.775;-0.85377;0.13609;0.73487
9.7833;-0.85407;0.13646;0.73483
9.7917;-0.85439;0.13698;0.73484
9.8;-0.85462;0.13748;0.73487
9.8083;-0.85485;0.13782;0.73488
9.8167;-0.85515;0.13813;0.73494
9.825;-0.85531;0.13863;0.73496
9.8333;-0.85541;0.139;0.73493
9.8417;-0.85551;0.13927;0.73489
9.85;-0.85566;0.13945;0.73487
9.8583;-0.85586;0.13966;0.73486
9.8667;-0.85601;0.14006;0.73494
9.875;-0.85612;0.14042;0.73497
9.8833;-0.85628;0.14067;0.73499
9.8917;-0.85623;0.14109;0.73497
9.9;-0.85632;0.14135;0.73496
9.9083;-0.85632;0.14168;0.73488
9.9167;-0.8564;0.14202;0.73484
9.925;-0.85637;0.14246;0.73485
9.9333;-0.8563;0.14287;0.73485
9.9417;-0.85618;0.14322;0.73475
9.95;-0.85618;0.14358;0.73466
9.9583;-0.8561;0.14398;0.73472
9.9667;-0.85599;0.14439;0.73472
9.975;-0.85591;0.14471;0.7348
9.9833;-0.85602;0.14491;0.73474
9.9917;-0.8559;0.14533;0.73465
10;-0.85591;0.14558;0.73456
10.008;-0.85598;0.14573;0.73455
10.017;-0.8559;0.14599;0.73456
10.025;-0.85572;0.14626;0.7345
10.033;-0.85525;0.14675;0.73442
10.042;-0.85558;0.14656;0.73469
10.05;-0.85528;0.14687;0.73462
10.058;-0.85501;0.1471;0.73457
10.067;-0.85488;0.1472;0.73452
10.075;-0.85471;0.1473;0.73452
10.083;-0.85462;0.14733;0.73463
10.092;-0.8546;0.14734;0.73474
10.1;-0.85405;0.14771;0.73457
10.108;-0.85357;0.14803;0.73425
10.117;-0.85362;0.14778;0.73461
10.125;-0.85313;0.14785;0.73447
10.133;-0.85267;0.14802;0.73428
10.142;-0.85254;0.14769;0.73443
10.15;-0.8523;0.14775;0.73446
10.158;-0.85237;0.14744;0.73453
10.167;-0.85191;0.14724;0.73447
10.175;-0.85104;0.14743;0.73432
10.183;-0.8507;0.14727;0.73435
10.192;-0.85068;0.14701;0.73447
10.2;-0.85041;0.14687;0.73452
10.208;-0.85011;0.14641;0.73458
10.217;-0.84987;0.14625;0.7345
10.225;-0.84944;0.14591;0.73448
10.233;-0.84953;0.14566;0.73422
10.242;-0.84902;0.14521;0.7346
10.25;-0.84874;0.14501;0.73452
10.258;-0.84851;0.14462;0.73458
10.267;-0.84812;0.14417;0.73447
10.275;-0.84792;0.14366;0.73445
10.283;-0.84777;0.1433;0.73439
10.292;-0.84746;0.14276;0.73445
10.3;-0.84722;0.1422;0.73441
10.308;-0.84703;0.14197;0.73442
10.317;-0.84687;0.14149;0.73448
10.325;-0.84671;0.14086;0.73449
10.333;-0.84667;0.14042;0.73442
10.342;-0.84677;0.14026;0.73425
10.35;-0.84673;0.13942;0.73453
10.358;-0.84678;0.13887;0.73457
10.367;-0.84697;0.13842;0.73451
10.375;-0.84715;0.13788;0.73454
10.383;-0.84729;0.13753;0.73451
10.392;-0.84747;0.13706;0.73444
10.4;-0.84779;0.13633;0.73452
10.408;-0.84818;0.13587;0.73456
10.417;-0.84851;0.13548;0.73454
10.425;-0.84884;0.13513;0.73454
10.433;-0.84908;0.13466;0.73466
10.442;-0.84947;0.13418;0.73471
10.45;-0.84969;0.13386;0.73463
10.458;-0.85001;0.13346;0.73455
10.467;-0.85027;0.13311;0.73456
10.475;-0.85076;0.13267;0.73464
10.483;-0.85113;0.13223;0.73463
10.492;-0.85139;0.13199;0.73461
10.5;-0.85176;0.1316;0.73472
10.508;-0.85215;0.13113;0.73483
10.517;-0.8523;0.13088;0.735
10.525;-0.8528;0.13052;0.73485
10.533;-0.85313;0.13026;0.73475
10.542;-0.8534;0.12997;0.73487
10.55;-0.85358;0.12983;0.73486
10.558;-0.85394;0.12962;0.73489
10.567;-0.85433;0.12933;0.73489
10.575;-0.85456;0.12924;0.73481
10.583;-0.85479;0.12907;0.73482
10.592;-0.85516;0.12885;0.73492
10.6;-0.85538;0.12864;0.73497
10.608;-0.85575;0.12834;0.73507
10.617;-0.8559;0.12811;0.73503
10.625;-0.85611;0.12784;0.73499
10.633;-0.85632;0.1276;0.73499
10.642;-0.85671;0.12735;0.7351
10.65;-0.85716;0.12707;0.73517
10.658;-0.85762;0.12694;0.73508
10.667;-0.8579;0.12681;0.73501
10.675;-0.85813;0.12667;0.73497
10.683;-0.85844;0.12649;0.735
10.692;-0.85881;0.12632;0.73501
10.7;-0.85923;0.12617;0.73515
10.708;-0.85957;0.12609;0.7351
10.717;-0.8597;0.12606;0.73512
10.725;-0.86015;0.12591;0.73514
10.733;-0.86056;0.12598;0.73517
10.742;-0.86116;0.12583;0.73517
10.75;-0.8615;0.12583;0.7351
10.758;-0.86196;0.12595;0.73514
10.767;-0.86251;0.12604;0.73517
10.775;-0.86284;0.12612;0.73513
10.783;-0.86347;0.12612;0.73513
10.792;-0.86394;0.12627;0.73513
10.8;-0.86431;0.12654;0.73502
10.808;-0.86472;0.12676;0.73507
10.817;-0.86504;0.12696;0.73514
10.825;-0.8655;0.12732;0.73524
10.833;-0.86584;0.12764;0.7353
10.842;-0.86615;0.12783;0.7352
10.85;-0.86639;0.12819;0.73517
10.858;-0.8666;0.12857;0.73517
10.867;-0.86671;0.12912;0.73511
10.875;-0.86691;0.12964;0.7351
10.883;-0.86722;0.12984;0.73531
10.892;-0.86731;0.13021;0.73533
10.9;-0.86726;0.13066;0.73521
10.908;-0.86724;0.13111;0.7351
10.917;-0.86721;0.13143;0.73505
10.925;-0.86705;0.13174;0.73508
10.933;-0.86704;0.13198;0.73511
10.942;-0.86705;0.1322;0.73518
10.95;-0.86691;0.13254;0.73516
10.958;-0.86694;0.13281;0.73533
10.967;-0.86672;0.13326;0.73515
10.975;-0.86666;0.13355;0.73523
10.983;-0.86659;0.13375;0.73524
10.992;-0.86631;0.13404;0.7353
11;-0.86613;0.13421;0.73535
11.008;-0.86597;0.13446;0.73528
11.017;-0.86578;0.13467;0.7353
11.025;-0.86557;0.13489;0.73529
11.033;-0.86545;0.13502;0.73535
11.042;-0.86524;0.13522;0.73527
11.05;-0.86501;0.13536;0.73527
11.058;-0.86474;0.13555;0.7352
11.067;-0.86456;0.13566;0.73522
11.075;-0.8642;0.13576;0.73511
11.083;-0.86394;0.13578;0.73522
11.092;-0.8635;0.13582;0.73527
11.1;-0.86324;0.13581;0.73526
11.108;-0.86301;0.1358;0.73527
11.117;-0.86262;0.13585;0.73525
11.125;-0.86221;0.1358;0.73532
11.133;-0.86171;0.13581;0.7352
11.142;-0.86148;0.13574;0.73524
11.15;-0.86105;0.13571;0.73519
11.158;-0.86058;0.13569;0.73512
11.167;-0.86019;0.13555;0.73517
11.175;-0.85974;0.13545;0.7351
11.183;-0.85933;0.13535;0.73505
11.192;-0.859;0.13527;0.73504
11.2;-0.85846;0.13523;0.73523
11.208;-0.85815;0.13496;0.73503
11.217;-0.85791;0.13486;0.73504
11.225;-0.85757;0.13478;0.73503
11.233;-0.85706;0.13467;0.73512
11.242;-0.85669;0.13456;0.73519
11.25;-0.85592;0.13459;0.73512
11.258;-0.85552;0.13426;0.73517
11.267;-0.85519;0.13401;0.73517
11.275;-0.85475;0.13381;0.7351
11.283;-0.85437;0.13364;0.73512
11.292;-0.85372;0.13364;0.73523
11.3;-0.85353;0.13333;0.73517
11.308;-0.8532;0.13311;0.73513
11.317;-0.85272;0.13309;0.7351
11.325;-0.85228;0.13278;0.73506
11.333;-0.85187;0.13258;0.735
11.342;-0.85163;0.13226;0.73507
11.35;-0.85106;0.13196;0.73497
11.358;-0.85064;0.13141;0.73503
11.367;-0.85009;0.13108;0.73495
11.375;-0.84991;0.13064;0.7351
11.383;-0.84955;0.13035;0.73514
11.392;-0.84899;0.13023;0.73498
11.4;-0.84873;0.12983;0.73502
11.408;-0.8486;0.1293;0.73503
11.417;-0.8483;0.12905;0.73498
11.425;-0.84766;0.12866;0.73518
11.433;-0.84755;0.12829;0.73471
11.442;-0.84755;0.12778;0.73497
11.45;-0.84732;0.12741;0.73499
11.458;-0.84718;0.12667;0.73516
11.467;-0.84676;0.12607;0.73506
11.475;-0.84637;0.12569;0.73522
11.483;-0.84645;0.12521;0.73504
11.492;-0.84637;0.12478;0.73514
11.5;-0.84628;0.12438;0.73521
11.508;-0.84633;0.12396;0.73527
11.517;-0.84619;0.12385;0.73514
11.525;-0.8462;0.12349;0.73514
11.533;-0.84614;0.12321;0.73508
11.542;-0.84606;0.12286;0.73503
11.55;-0.84602;0.12255;0.73502
11.558;-0.84605;0.1223;0.73504
11.567;-0.84602;0.12212;0.73504
11.575;-0.846;0.1218;0.735
11.583;-0.84593;0.12151;0.73505
11.592;-0.84587;0.12118;0.73502
11.6;-0.84582;0.1208;0.73502
11.608;-0.84583;0.12051;0.73502
11.617;-0.84587;0.12019;0.73508
11.625;-0.84592;0.11995;0.73504
11.633;-0.84598;0.11967;0.73504
11.642;-0.846;0.11945;0.73498
11.65;-0.8457;0.11919;0.73512
11.658;-0.84595;0.11885;0.73497
11.667;-0.84601;0.11851;0.73498
11.675;-0.84601;0.11834;0.73498
11.683;-0.84606;0.11815;0.73502
11.692;-0.84605;0.11798;0.73503
11.7;-0.84614;0.1178;0.73498
11.708;-0.84593;0.11789;0.7349
11.717;-0.84594;0.11779;0.73487
11.725;-0.84625;0.11727;0.73496
11.733;-0.84633;0.11708;0.73497
11.742;-0.84641;0.1169;0.73499
11.75;-0.84642;0.11671;0.73494
11.758;-0.8465;0.11643;0.73493
11.767;-0.84663;0.11613;0.73505
11.775;-0.84673;0.11595;0.73503
11.783;-0.84676;0.1158;0.73505
11.792;-0.84687;0.11571;0.73503
11.8;-0.84712;0.11551;0.73497
11.808;-0.84729;0.11539;0.73499
11.817;-0.84748;0.11531;0.735
11.825;-0.84773;0.11523;0.73503
11.833;-0.84817;0.11511;0.73519
11.842;-0.8484;0.11509;0.73493
11.85;-0.84875;0.11502;0.73492
11.858;-0.84894;0.11512;0.73482
11.867;-0.84913;0.11514;0.73484
11.875;-0.84932;0.11511;0.73487
11.883;-0.8497;0.11483;0.73513
11.892;-0.84985;0.11481;0.73512
11.9;-0.8501;0.11488;0.73498
11.908;-0.85053;0.1147;0.73511
11.917;-0.85089;0.11483;0.73508
11.925;-0.8512;0.11484;0.73522
11.933;-0.85126;0.11516;0.73507
11.942;-0.85154;0.11515;0.73523
11.95;-0.85185;0.11543;0.73509
11.958;-0.8522;0.11567;0.73503
11.967;-0.85246;0.11591;0.73497
11.975;-0.85258;0.11601;0.73492
11.983;-0.85276;0.11608;0.73495
11.992;-0.8531;0.11619;0.73494
12;-0.85322;0.11637;0.73492
12.008;-0.85335;0.11661;0.73492
12.017;-0.85354;0.1168;0.73492
12.025;-0.85376;0.11697;0.73501
12.033;-0.85393;0.11712;0.73507
12.042;-0.85413;0.11728;0.7351
12.05;-0.85424;0.11745;0.73504
12.058;-0.8544;0.11761;0.735
12.067;-0.85458;0.11775;0.73501
12.075;-0.85474;0.11783;0.73509
12.083;-0.85487;0.11796;0.7351
12.092;-0.85496;0.11805;0.73512
12.1;-0.85501;0.11818;0.73501
12.108;-0.8551;0.11824;0.73506
12.117;-0.85519;0.11841;0.73502
12.125;-0.85528;0.11859;0.73496
12.133;-0.85534;0.11878;0.73493
12.142;-0.85548;0.11893;0.73491
12.15;-0.85556;0.11907;0.7349
12.158;-0.85566;0.11917;0.73489
12.167;-0.85572;0.11928;0.73495
12.175;-0.85552;0.11949;0.73514
12.183;-0.85587;0.11951;0.73503
12.192;-0.85592;0.11961;0.73505
12.2;-0.85592;0.11942;0.73501
12.208;-0.85599;0.11982;0.73506
12.217;-0.85608;0.1199;0.7351
12.225;-0.85609;0.12006;0.7351
12.233;-0.85621;0.1202;0.73511
12.242;-0.85623;0.12035;0.73507
12.25;-0.85633;0.1205;0.73515
12.258;-0.85642;0.12058;0.73511
12.267;-0.85642;0.12076;0.73516
12.275;-0.85651;0.12081;0.73521
12.283;-0.85651;0.12082;0.73521
12.292;-0.85654;0.12089;0.73524
12.3;-0.85645;0.12106;0.73515
12.308;-0.85648;0.12119;0.73516
12.317;-0.85648;0.12129;0.73516
12.325;-0.85645;0.12143;0.73514
12.333;-0.85648;0.12157;0.73513
12.342;-0.8565;0.12178;0.7351
12.35;-0.85655;0.12204;0.73502
12.358;-0.85662;0.12222;0.73508
12.367;-0.85649;0.12255;0.73508
12.375;-0.85651;0.12278;0.73511
12.383;-0.85655;0.12294;0.73513
12.392;-0.85653;0.1231;0.73517
12.4;-0.85648;0.1233;0.73521
12.408;-0.85641;0.12356;0.73522
12.417;-0.85634;0.12378;0.73524
12.425;-0.8563;0.12403;0.73518
12.433;-0.85623;0.1243;0.7352
12.442;-0.85617;0.12453;0.73519
12.45;-0.85604;0.12482;0.7352
12.458;-0.85584;0.12507;0.73517
12.467;-0.85577;0.12527;0.73515
12.475;-0.85565;0.12553;0.73514
12.483;-0.85554;0.12554;0.73503
12.492;-0.85547;0.12607;0.73508
12.5;-0.85538;0.12627;0.73513
12.508;-0.85525;0.12651;0.73514
12.517;-0.85516;0.12673;0.73518
12.525;-0.85499;0.12701;0.73518
12.533;-0.85479;0.12727;0.73516
12.542;-0.85463;0.12739;0.73519
12.55;-0.85447;0.12763;0.73517
12.558;-0.85428;0.12775;0.73525
12.567;-0.85405;0.12804;0.7353
12.575;-0.85387;0.12821;0.73526
12.583;-0.85354;0.12856;0.73529
12.592;-0.85309;0.12897;0.73519
12.6;-0.85288;0.12922;0.73516
12.608;-0.85259;0.12944;0.73515
12.617;-0.85242;0.1296;0.73513
12.625;-0.85219;0.12983;0.73513
12.633;-0.85196;0.13007;0.73507
12.642;-0.8515;0.13042;0.73497
12.65;-0.8513;0.13056;0.73503
12.658;-0.85069;0.131;0.73516
12.667;-0.85067;0.13095;0.73507
12.675;-0.85041;0.1311;0.73503
12.683;-0.85006;0.1313;0.73493
12.692;-0.84942;0.13181;0.73489
12.7;-0.84904;0.13211;0.73493
12.708;-0.84881;0.13228;0.73499
12.717;-0.84857;0.13241;0.73495
12.725;-0.84829;0.13259;0.73486
12.733;-0.84788;0.13279;0.73481
12.742;-0.84751;0.13311;0.73477
12.75;-0.84712;0.13336;0.73482
12.758;-0.84687;0.13347;0.73497
12.767;-0.84668;0.13356;0.73489
12.775;-0.84606;0.1339;0.73477
12.783;-0.84569;0.13402;0.73478
12.792;-0.84533;0.13417;0.73478
12.8;-0.84511;0.13426;0.73479
12.808;-0.84468;0.1345;0.73466
12.817;-0.84405;0.13464;0.73458
12.825;-0.84375;0.13466;0.73461
12.833;-0.84341;0.13464;0.73477
12.842;-0.84316;0.13456;0.73476
12.85;-0.84285;0.13443;0.73471
12.858;-0.84254;0.13425;0.73468
12.867;-0.84212;0.13413;0.73465
12.875;-0.84154;0.13408;0.73452
12.883;-0.8412;0.13394;0.73451
12.892;-0.84083;0.13382;0.73451
12.9;-0.84047;0.13361;0.73448
12.908;-0.84003;0.13335;0.73449
12.917;-0.83969;0.13313;0.73443
12.925;-0.83933;0.13279;0.73442
12.933;-0.839;0.13252;0.73448
12.942;-0.83861;0.13242;0.73446
12.95;-0.83826;0.13225;0.73444
12.958;-0.83794;0.13197;0.73443
12.967;-0.83773;0.13168;0.73448
12.975;-0.83745;0.13144;0.73443
12.983;-0.83723;0.1313;0.73436
12.992;-0.83703;0.13113;0.73438
13;-0.83693;0.13092;0.73444
13.008;-0.83673;0.13075;0.73447
13.017;-0.83666;0.13054;0.73449
13.025;-0.83659;0.13036;0.73448
13.033;-0.8365;0.13021;0.73442
13.042;-0.83644;0.12995;0.7344
13.05;-0.83634;0.12973;0.73438
13.058;-0.83626;0.12939;0.73441
13.067;-0.8362;0.12909;0.73439
13.075;-0.83609;0.12884;0.73436
13.083;-0.83597;0.12861;0.7343
13.092;-0.83596;0.1283;0.73425
13.1;-0.83598;0.12798;0.73421
13.108;-0.83627;0.1275;0.73431
13.117;-0.83639;0.12728;0.73429
13.125;-0.83654;0.12707;0.73424
13.133;-0.83665;0.12696;0.73421
13.142;-0.83682;0.12687;0.73422
13.15;-0.83707;0.12673;0.73422
13.158;-0.83736;0.12657;0.73427
13.167;-0.83763;0.1264;0.73447
13.175;-0.83826;0.1262;0.73433
13.183;-0.83852;0.12611;0.73427
13.192;-0.83885;0.12599;0.73434
13.2;-0.83933;0.12582;0.73442
13.208;-0.83992;0.12569;0.73442
13.217;-0.84034;0.1257;0.73436
13.225;-0.84098;0.1258;0.73444
13.233;-0.8415;0.12571;0.73445
13.242;-0.84224;0.12559;0.73468
13.25;-0.84275;0.12567;0.73464
13.258;-0.8431;0.12587;0.73472
13.267;-0.8435;0.12609;0.73476
13.275;-0.84389;0.12624;0.73475
13.283;-0.84444;0.12669;0.73439
13.292;-0.84527;0.12631;0.73469
13.3;-0.84559;0.12633;0.73475
13.308;-0.846;0.12668;0.73473
13.317;-0.84628;0.12718;0.73473
13.325;-0.8468;0.12745;0.73486
13.333;-0.84732;0.12777;0.73479
13.342;-0.84771;0.12799;0.73469
13.35;-0.84815;0.12834;0.7347
13.358;-0.8483;0.12898;0.7345
13.367;-0.84887;0.12905;0.73475
13.375;-0.84927;0.1293;0.73478
13.383;-0.84976;0.12957;0.73492
13.392;-0.85045;0.12984;0.73501
13.4;-0.85079;0.13028;0.73482
13.408;-0.85133;0.13057;0.73472
13.417;-0.85152;0.13076;0.73472
13.425;-0.85193;0.13101;0.7348
13.433;-0.85222;0.13186;0.7349
13.442;-0.85262;0.13167;0.73483
13.45;-0.85295;0.13211;0.7349
13.458;-0.85315;0.13248;0.73464
13.467;-0.85322;0.133;0.73444
13.475;-0.85362;0.1332;0.73456
13.483;-0.85396;0.13369;0.73458
13.492;-0.85432;0.13387;0.73476
13.5;-0.85472;0.13418;0.73495
13.508;-0.85514;0.1348;0.73502
13.517;-0.85532;0.13535;0.73497
13.525;-0.85574;0.1355;0.735
13.533;-0.85588;0.1357;0.73499
13.542;-0.85616;0.13602;0.73497
13.55;-0.85611;0.13658;0.73487
13.558;-0.8562;0.13697;0.73487
13.567;-0.85641;0.13722;0.73487
13.575;-0.85648;0.13752;0.73491
13.583;-0.85672;0.13785;0.73483
13.592;-0.85674;0.13833;0.73459
13.6;-0.85687;0.13909;0.73443
13.608;-0.85643;0.13965;0.7345
13.617;-0.85615;0.14046;0.73437
13.625;-0.85631;0.14086;0.73458
13.633;-0.85681;0.14123;0.73475
13.642;-0.85674;0.14132;0.73487
13.65;-0.8567;0.14159;0.73486
13.658;-0.85698;0.14171;0.73499
13.667;-0.85687;0.14201;0.73489
13.675;-0.85674;0.1424;0.73476
13.683;-0.85665;0.14319;0.73452
13.692;-0.85655;0.14308;0.73464
13.7;-0.85651;0.14324;0.73468
13.708;-0.85658;0.14339;0.73473
13.717;-0.85611;0.14405;0.73448
13.725;-0.856;0.14446;0.73446
13.733;-0.85605;0.14464;0.73457
13.742;-0.85602;0.14488;0.73463
13.75;-0.85602;0.14507;0.73462
13.758;-0.85588;0.14531;0.73459
13.767;-0.85584;0.14551;0.73459
13.775;-0.85591;0.1456;0.73467
13.783;-0.85586;0.14577;0.73465
13.792;-0.85523;0.14644;0.73437
13.8;-0.85512;0.14667;0.73436
13.808;-0.8551;0.14689;0.7344
13.817;-0.85495;0.14718;0.73441
13.825;-0.85485;0.14741;0.73437
13.833;-0.85463;0.14762;0.73443
13.842;-0.85446;0.14775;0.73448
13.85;-0.85388;0.14821;0.73432
13.858;-0.85357;0.14841;0.73424
13.867;-0.85347;0.14849;0.73426
13.875;-0.85343;0.14854;0.73429
13.883;-0.85338;0.14857;0.73433
13.892;-0.85334;0.14851;0.73439
13.9;-0.85307;0.14857;0.73441
13.908;-0.85272;0.14867;0.73437
13.917;-0.85234;0.1488;0.73435
13.925;-0.85179;0.14894;0.73423
13.933;-0.85164;0.14883;0.73423
13.942;-0.85151;0.14874;0.73425
13.95;-0.85132;0.1486;0.73433
13.958;-0.85097;0.14848;0.73432
13.967;-0.85071;0.14827;0.73434
13.975;-0.85045;0.14817;0.73437
13.983;-0.85037;0.1478;0.73441
13.992;-0.85008;0.14761;0.73445
14;-0.84992;0.1473;0.73454
14.008;-0.84973;0.14701;0.73471
14.017;-0.8493;0.14674;0.73476
14.025;-0.84895;0.14653;0.7346
14.033;-0.84816;0.14628;0.73442
14.042;-0.84771;0.14587;0.73444
14.05;-0.84765;0.14539;0.7345
14.058;-0.8471;0.14505;0.73418
14.067;-0.84679;0.14455;0.73424
14.075;-0.84646;0.14457;0.73399
14.083;-0.84615;0.14358;0.73424
14.092;-0.84605;0.14296;0.73428
14.1;-0.84596;0.14247;0.73433
14.108;-0.84637;0.14161;0.73467
14.117;-0.84636;0.14101;0.73461
14.125;-0.84633;0.1404;0.73457
14.133;-0.84621;0.13995;0.73449
14.142;-0.84645;0.13914;0.7346
14.15;-0.84607;0.13882;0.73416
14.158;-0.84686;0.13767;0.73461
14.167;-0.84637;0.13728;0.73418
14.175;-0.84659;0.13677;0.73418
14.183;-0.84679;0.13621;0.73432
14.192;-0.84684;0.13573;0.73442
14.2;-0.84747;0.13485;0.73464
14.208;-0.84745;0.13451;0.73456
14.217;-0.84806;0.13398;0.73467
14.225;-0.84819;0.13378;0.73453
14.233;-0.84866;0.13335;0.73464
14.242;-0.84902;0.13297;0.73471
14.25;-0.84931;0.13255;0.73478
14.258;-0.84935;0.13246;0.73462
14.267;-0.84947;0.13228;0.73455
14.275;-0.85013;0.13167;0.73474
14.283;-0.85062;0.13135;0.73471
14.292;-0.85121;0.13093;0.73486
14.3;-0.8511;0.13093;0.73462
14.308;-0.85156;0.13049;0.73475
14.317;-0.85201;0.13013;0.73488
14.325;-0.85245;0.12973;0.73507
14.333;-0.85271;0.12953;0.73514
14.342;-0.85269;0.12954;0.73502
14.35;-0.85309;0.12924;0.73508
14.358;-0.85339;0.12892;0.73515
14.367;-0.85372;0.12872;0.73517
14.375;-0.85407;0.12852;0.73515
14.383;-0.85451;0.12841;0.73506
14.392;-0.85482;0.12837;0.73505
14.4;-0.85534;0.12826;0.73504
14.408;-0.85593;0.12805;0.73517
14.417;-0.85634;0.12786;0.73523
14.425;-0.85665;0.12778;0.73529
14.433;-0.85683;0.12772;0.73515
14.442;-0.85702;0.12767;0.73514
14.45;-0.85726;0.12758;0.73511
14.458;-0.85756;0.12746;0.73515
14.467;-0.85785;0.12736;0.73512
14.475;-0.85822;0.12732;0.73513
14.483;-0.8587;0.1273;0.73519
14.492;-0.85887;0.12736;0.7351
14.5;-0.85919;0.12762;0.73514
14.508;-0.85941;0.12755;0.73519
14.517;-0.85977;0.12712;0.73521
14.525;-0.86008;0.12702;0.73523
14.533;-0.8602;0.12702;0.73516
14.542;-0.8606;0.12678;0.7353
14.55;-0.86091;0.1267;0.73535
14.558;-0.86097;0.12677;0.7352
14.567;-0.86117;0.12678;0.73508
14.575;-0.86148;0.12684;0.73504
14.583;-0.86189;0.12689;0.73509
14.592;-0.86219;0.12688;0.73515
14.6;-0.8625;0.1268;0.73527
14.608;-0.8627;0.12695;0.73546
14.617;-0.86312;0.12694;0.73535
14.625;-0.86326;0.1272;0.73518
14.633;-0.8635;0.12732;0.73522
14.642;-0.8638;0.12748;0.73516
14.65;-0.86414;0.12756;0.73518
14.658;-0.86454;0.12766;0.73529
14.667;-0.86482;0.12789;0.73527
14.675;-0.86523;0.12817;0.73531
14.683;-0.86552;0.12835;0.73536
14.692;-0.86573;0.12861;0.73539
14.7;-0.86592;0.12896;0.73542
14.708;-0.86612;0.12946;0.73543
14.717;-0.86627;0.1299;0.73544
14.725;-0.8665;0.13016;0.73556
14.733;-0.86639;0.13078;0.73537
14.742;-0.86631;0.1312;0.73523
14.75;-0.86627;0.13156;0.73514
14.758;-0.86625;0.13176;0.73514
14.767;-0.86638;0.13185;0.73508
14.775;-0.86628;0.13204;0.73521
14.783;-0.86616;0.13246;0.73518
14.792;-0.86609;0.13279;0.73529
14.8;-0.86591;0.13302;0.73529
14.808;-0.86555;0.13354;0.73515
14.817;-0.86533;0.13395;0.73521
14.825;-0.86521;0.13421;0.7352
14.833;-0.86519;0.13432;0.73516
14.842;-0.86517;0.13458;0.73535
14.85;-0.86506;0.13483;0.73539
14.858;-0.86488;0.13507;0.73535
14.867;-0.86474;0.1352;0.73531
14.875;-0.86448;0.13536;0.7353
14.883;-0.86417;0.13551;0.73517
14.892;-0.86408;0.13559;0.7353
14.9;-0.8636;0.13572;0.73533
14.908;-0.86327;0.13581;0.73533
14.917;-0.86294;0.13586;0.7353
14.925;-0.86246;0.13584;0.73531
14.933;-0.86144;0.13594;0.73507
14.942;-0.86105;0.1357;0.73522
14.95;-0.86037;0.13555;0.73529
14.958;-0.85968;0.13545;0.73519
14.967;-0.85919;0.13524;0.73519
14.975;-0.8587;0.13511;0.73515
14.983;-0.85826;0.13501;0.7351
14.992;-0.85816;0.13482;0.73521
15;-0.85781;0.13482;0.73511
15.008;-0.85763;0.13476;0.73509
15.017;-0.85755;0.13467;0.73512
15.025;-0.85734;0.13462;0.73516
15.033;-0.85705;0.13464;0.73515
15.042;-0.85683;0.13468;0.73513
15.05;-0.85656;0.13479;0.73508
15.058;-0.85629;0.13492;0.73502
15.067;-0.85611;0.13501;0.73506
15.075;-0.85588;0.13504;0.73512
15.083;-0.85556;0.1352;0.73509
15.092;-0.85557;0.13496;0.73523
15.1;-0.85521;0.13497;0.73516
15.108;-0.85493;0.13484;0.73515
15.117;-0.85467;0.13453;0.7352
15.125;-0.85419;0.13445;0.7351
15.133;-0.85354;0.13444;0.73497
15.142;-0.85317;0.13424;0.73504
15.15;-0.85285;0.13398;0.73508
15.158;-0.85265;0.13353;0.73507
15.167;-0.85225;0.1333;0.73495
15.175;-0.85179;0.13292;0.73493
15.183;-0.85156;0.13265;0.73499
15.192;-0.85128;0.13231;0.73505
15.2;-0.85076;0.13195;0.73498
15.208;-0.8504;0.13162;0.73501
15.217;-0.85015;0.13128;0.73497
15.225;-0.84992;0.13096;0.73504
15.233;-0.84963;0.13086;0.73508
15.242;-0.84934;0.13068;0.73502
15.25;-0.84884;0.13066;0.73492
15.258;-0.84861;0.13039;0.73496
15.267;-0.84861;0.13004;0.73501
15.275;-0.84849;0.12981;0.73502
15.283;-0.84833;0.12966;0.73496
15.292;-0.84816;0.12946;0.7349
15.3;-0.84803;0.12908;0.73478
15.308;-0.84783;0.12863;0.73484
15.317;-0.84764;0.12828;0.73481
15.325;-0.84742;0.12799;0.73478
15.333;-0.84729;0.12761;0.73494
15.342;-0.84717;0.12705;0.73501
15.35;-0.84714;0.12634;0.73504
15.358;-0.84692;0.12593;0.73502
15.367;-0.84696;0.12546;0.73509
15.375;-0.84687;0.125;0.73512
15.383;-0.84676;0.12455;0.73518
15.392;-0.84669;0.1241;0.7352
15.4;-0.84668;0.12375;0.73516
15.408;-0.84674;0.12342;0.73511
15.417;-0.84664;0.12305;0.73516
15.425;-0.84651;0.12267;0.73511
15.433;-0.84638;0.12231;0.73504
15.442;-0.84634;0.12194;0.73501
15.45;-0.84641;0.12164;0.73506
15.458;-0.84641;0.1213;0.73511
15.467;-0.84636;0.12083;0.73516
15.475;-0.84623;0.1205;0.73513
15.483;-0.84621;0.12;0.73511
15.492;-0.84617;0.11968;0.73503
15.5;-0.8462;0.11926;0.73502
15.508;-0.84624;0.11882;0.73501
15.517;-0.8463;0.11841;0.73506
15.525;-0.84614;0.11818;0.73509
15.533;-0.8461;0.118;0.73512
15.542;-0.8461;0.11776;0.73511
15.55;-0.84608;0.11754;0.73514
15.558;-0.84609;0.11714;0.73514
15.567;-0.84616;0.11673;0.7352
15.575;-0.84616;0.1165;0.73517
15.583;-0.84629;0.11629;0.73518
15.592;-0.84643;0.11602;0.73518
15.6;-0.8466;0.11569;0.73514
15.608;-0.84676;0.11555;0.7351
15.617;-0.84694;0.11518;0.73524
15.625;-0.84708;0.11503;0.73527
15.633;-0.84706;0.11495;0.73517
15.642;-0.84714;0.11512;0.73518
15.65;-0.84723;0.11456;0.73514
15.658;-0.84736;0.11439;0.7352
15.667;-0.84745;0.11424;0.73535
15.675;-0.84775;0.11411;0.73554
15.683;-0.8479;0.11407;0.73523
15.692;-0.84811;0.11422;0.73504
15.7;-0.84841;0.11426;0.73502
15.708;-0.84882;0.11396;0.73529
15.717;-0.84888;0.11439;0.73548
15.725;-0.84926;0.11404;0.73515
15.733;-0.84943;0.11411;0.73515
15.742;-0.84971;0.11411;0.73518
15.75;-0.84997;0.11412;0.73514
15.758;-0.85024;0.11413;0.73517
15.767;-0.85034;0.11421;0.73517
15.775;-0.85054;0.11426;0.73521
15.783;-0.85087;0.11438;0.73529
15.792;-0.8511;0.11454;0.73539
15.8;-0.85133;0.11485;0.73533
15.808;-0.85156;0.11512;0.73533
15.817;-0.85199;0.11543;0.73548
15.825;-0.85229;0.11573;0.73544
15.833;-0.85243;0.11601;0.73515
15.842;-0.85261;0.11626;0.73511
15.85;-0.85281;0.11654;0.73513
15.858;-0.85296;0.11688;0.73515
15.867;-0.85307;0.11721;0.73519
15.875;-0.85322;0.11753;0.73525
15.883;-0.85337;0.11782;0.73533
15.892;-0.85354;0.11819;0.73534
15.9;-0.85364;0.11855;0.73533
15.908;-0.85365;0.11922;0.73532
15.917;-0.8537;0.11909;0.73527
15.925;-0.85381;0.11931;0.73529
15.933;-0.85393;0.11954;0.7353
15.942;-0.85401;0.11984;0.73533
15.95;-0.85399;0.12017;0.73539
15.958;-0.85401;0.12043;0.73541
15.967;-0.85405;0.12062;0.73544
15.975;-0.85408;0.1208;0.73547
15.983;-0.85414;0.12098;0.73545
15.992;-0.85426;0.12112;0.73546
16;-0.85435;0.1213;0.73541
16.008;-0.85443;0.12146;0.73537
16.017;-0.85446;0.12159;0.7354
16.025;-0.85453;0.12173;0.73537
16.033;-0.85453;0.12188;0.73536
16.042;-0.85455;0.12199;0.73534
16.05;-0.85451;0.12213;0.73533
16.058;-0.85449;0.12223;0.73531
16.067;-0.85456;0.12229;0.73538
16.075;-0.85458;0.12242;0.73536
16.083;-0.85463;0.12244;0.73548
16.092;-0.8542;0.12311;0.73525
16.1;-0.85425;0.12329;0.73526
16.108;-0.85433;0.12338;0.73526
16.117;-0.85428;0.12348;0.7353
16.125;-0.85425;0.12363;0.73537
16.133;-0.85426;0.12378;0.73538
16.142;-0.8543;0.12391;0.73541
16.15;-0.85445;0.12396;0.73547
16.158;-0.85445;0.12409;0.73549
16.167;-0.85446;0.12431;0.73548
16.175;-0.85438;0.12451;0.7355
16.183;-0.85434;0.12468;0.73551
16.192;-0.85439;0.12486;0.73547
16.2;-0.85435;0.12508;0.73544
16.208;-0.8543;0.12526;0.73541
16.217;-0.8544;0.12534;0.73559
16.225;-0.85418;0.12553;0.73546
16.233;-0.85422;0.12565;0.73546
16.242;-0.85397;0.12609;0.73531
16.25;-0.85393;0.1263;0.73533
16.258;-0.85377;0.1267;0.73541
16.267;-0.85356;0.12707;0.73541
16.275;-0.8535;0.12731;0.7355
16.283;-0.85331;0.12759;0.7355
16.292;-0.85316;0.12783;0.73548
16.3;-0.85287;0.12821;0.73542
16.308;-0.85277;0.12844;0.73536
16.317;-0.8524;0.129;0.73525
16.325;-0.85227;0.12929;0.73523
16.333;-0.85214;0.12957;0.73522
16.342;-0.85196;0.12987;0.73518
16.35;-0.85163;0.13014;0.73514
16.358;-0.85107;0.13068;0.73504
16.367;-0.85047;0.13104;0.73525
16.375;-0.85043;0.13112;0.73517
16.383;-0.85009;0.13144;0.73507
16.392;-0.84946;0.13195;0.73504
16.4;-0.84897;0.13233;0.73508
16.408;-0.84873;0.13252;0.73508
16.417;-0.84831;0.13269;0.73503
16.425;-0.84763;0.13302;0.73498
16.433;-0.8471;0.13327;0.73507
16.442;-0.84686;0.13344;0.73511
16.45;-0.84643;0.13358;0.73507
16.458;-0.84579;0.13389;0.73498
16.467;-0.84536;0.13401;0.73498
16.475;-0.84513;0.13414;0.73496
16.483;-0.84452;0.13444;0.73489
16.492;-0.84377;0.13461;0.73491
16.5;-0.84344;0.13461;0.73493
16.508;-0.84299;0.13465;0.73498
16.517;-0.84239;0.13478;0.73487
16.525;-0.84192;0.13489;0.73478
16.533;-0.84148;0.13468;0.73478
16.542;-0.84096;0.13461;0.7348
16.55;-0.84043;0.13459;0.73483
16.558;-0.83965;0.13462;0.73468
16.567;-0.83919;0.13445;0.73474
16.575;-0.83867;0.13431;0.7347
16.583;-0.83824;0.13443;0.73459
16.592;-0.83796;0.1344;0.73466
16.6;-0.8373;0.13444;0.7345
16.608;-0.83681;0.13433;0.73446
16.617;-0.8367;0.13411;0.73448
16.625;-0.83661;0.13385;0.73442
16.633;-0.8363;0.13355;0.73437
16.642;-0.83595;0.13325;0.73436
16.65;-0.83576;0.13286;0.73445
16.658;-0.83535;0.13241;0.73442
16.667;-0.83513;0.13194;0.73441
16.675;-0.83494;0.13164;0.73434
16.683;-0.83477;0.1313;0.73428
16.692;-0.83474;0.13087;0.73442
16.7;-0.83475;0.1304;0.73444
16.708;-0.83504;0.1298;0.73441
16.717;-0.83528;0.12934;0.73438
16.725;-0.8354;0.12897;0.73436
16.733;-0.83558;0.12839;0.73444
16.742;-0.83562;0.12815;0.73442
16.75;-0.83575;0.1278;0.73443
16.758;-0.83612;0.12741;0.73446
16.767;-0.83645;0.12715;0.73445
16.775;-0.83676;0.12698;0.73438
16.783;-0.83727;0.12681;0.73441
16.792;-0.83782;0.12655;0.73451
16.8;-0.83836;0.12634;0.7345
16.808;-0.83882;0.12625;0.73452
16.817;-0.83921;0.12616;0.73459
16.825;-0.83943;0.12622;0.73453
16.833;-0.84009;0.1261;0.73464
16.842;-0.84076;0.12606;0.73474
16.85;-0.84126;0.12619;0.73472
16.858;-0.84182;0.12634;0.73485
16.867;-0.84268;0.12624;0.73487
16.875;-0.84347;0.1264;0.73488
16.883;-0.84394;0.12666;0.73496
16.892;-0.84435;0.12718;0.73469
16.9;-0.84505;0.12712;0.73483
16.908;-0.84571;0.12769;0.73482
16.917;-0.84606;0.12797;0.73484
16.925;-0.8466;0.12811;0.73487
16.933;-0.84701;0.12834;0.7348
16.942;-0.84734;0.12877;0.73478
16.95;-0.84793;0.12913;0.73472
16.958;-0.84805;0.12968;0.73457
16.967;-0.84893;0.12958;0.73491
16.975;-0.84948;0.12993;0.73506
16.983;-0.84996;0.13031;0.73512
16.992;-0.85026;0.13059;0.73498
17;-0.85071;0.13085;0.73499
17.008;-0.85115;0.13105;0.73493
17.017;-0.85107;0.13154;0.7348
17.025;-0.85165;0.13183;0.73501
17.033;-0.8518;0.13231;0.73492
17.042;-0.85186;0.13265;0.73485
17.05;-0.85209;0.13321;0.73479
17.058;-0.85248;0.13369;0.73492
17.067;-0.85251;0.13445;0.73474
17.075;-0.85315;0.13484;0.73506
17.083;-0.85355;0.13531;0.7351
17.092;-0.85381;0.13595;0.73487
17.1;-0.85399;0.13636;0.7348
17.108;-0.85423;0.13695;0.73479
17.117;-0.85453;0.13751;0.73479
17.125;-0.85481;0.13778;0.73484
17.133;-0.85513;0.13808;0.73486
17.142;-0.85507;0.13869;0.73465
17.15;-0.85497;0.13925;0.73457
17.158;-0.85516;0.13953;0.7345
17.167;-0.85537;0.13971;0.73457
17.175;-0.85553;0.14001;0.73465
17.183;-0.85559;0.14037;0.73456
17.192;-0.85571;0.14059;0.73456
17.2;-0.85579;0.14082;0.73459
17.208;-0.85617;0.14085;0.73492
17.217;-0.85628;0.14101;0.73503
17.225;-0.85625;0.14128;0.73494
17.233;-0.85618;0.14163;0.73486
17.242;-0.85617;0.14199;0.73479
17.25;-0.85597;0.14247;0.73472
17.258;-0.85573;0.14299;0.7347
17.267;-0.85568;0.14341;0.73459
17.275;-0.85562;0.14373;0.73455
17.283;-0.85556;0.1442;0.73454
17.292;-0.85566;0.14454;0.73472
17.3;-0.85555;0.14485;0.7347
17.308;-0.85539;0.14521;0.73461
17.317;-0.85515;0.14557;0.73452
17.325;-0.8549;0.14595;0.73439
17.333;-0.85472;0.14625;0.73437
17.342;-0.85463;0.14649;0.73444
17.35;-0.8544;0.14685;0.73445
17.358;-0.85431;0.14709;0.7345
17.367;-0.85415;0.14738;0.73454
17.375;-0.85377;0.14788;0.73442
17.383;-0.85354;0.14819;0.73435
17.392;-0.85334;0.14842;0.73431
17.4;-0.85342;0.14836;0.7344
17.408;-0.85319;0.14856;0.73434
17.417;-0.85281;0.14873;0.73434
17.425;-0.85246;0.14879;0.73434
17.433;-0.85185;0.14901;0.73429
17.442;-0.8516;0.1491;0.73424
17.45;-0.85164;0.14899;0.73436
17.458;-0.85147;0.14895;0.73439
17.467;-0.85092;0.14903;0.73432
17.475;-0.85059;0.14903;0.73437
17.483;-0.85027;0.149;0.73435
17.492;-0.84979;0.14889;0.73417
17.5;-0.84925;0.14853;0.73412
17.508;-0.84878;0.14819;0.73408
17.517;-0.84856;0.14769;0.73427
17.525;-0.84835;0.14743;0.73433
17.533;-0.8478;0.14703;0.73431
17.542;-0.84735;0.14648;0.73435
17.55;-0.84717;0.14608;0.73434
17.558;-0.84688;0.14566;0.73425
17.567;-0.84654;0.14516;0.73426
17.575;-0.84627;0.14474;0.73428
17.583;-0.84599;0.14441;0.73429
17.592;-0.84592;0.14394;0.73431
17.6;-0.84592;0.14343;0.73419
17.608;-0.84591;0.1427;0.73415
17.617;-0.84579;0.14229;0.73423
17.625;-0.84633;0.14119;0.73456
17.633;-0.8463;0.14048;0.73461
17.642;-0.84632;0.13992;0.7346
17.65;-0.84618;0.13916;0.73463
17.658;-0.84566;0.13894;0.73425
17.667;-0.84558;0.13844;0.73422
17.675;-0.8457;0.13791;0.73425
17.683;-0.84611;0.13701;0.73423
17.692;-0.84655;0.13654;0.73439
17.7;-0.84675;0.13608;0.73428
17.708;-0.84681;0.13581;0.73424
17.717;-0.84752;0.13496;0.73447
17.725;-0.84792;0.13435;0.73452
17.733;-0.848;0.13415;0.73435
17.742;-0.84885;0.13335;0.73471
17.75;-0.84912;0.13285;0.73476
17.758;-0.84932;0.13249;0.73471
17.767;-0.84944;0.13233;0.73445
17.775;-0.85023;0.13174;0.73461
17.783;-0.85096;0.13123;0.73467
17.792;-0.85108;0.13104;0.7346
17.8;-0.85151;0.13079;0.73457
17.808;-0.85244;0.13022;0.7348
17.817;-0.85276;0.13009;0.73482
17.825;-0.85306;0.1299;0.73488
17.833;-0.85347;0.12954;0.73475
17.842;-0.85403;0.12925;0.73483
17.85;-0.85451;0.12905;0.73485
17.858;-0.85492;0.12887;0.73491
17.867;-0.85514;0.12879;0.73491
17.875;-0.85544;0.12871;0.73487
17.883;-0.85595;0.1285;0.73492
17.892;-0.85672;0.12809;0.7352
17.9;-0.85706;0.12808;0.73494
17.908;-0.85743;0.12806;0.7348
17.917;-0.85795;0.12801;0.73485
17.925;-0.85843;0.12795;0.73491
17.933;-0.85871;0.1279;0.73494
17.942;-0.85903;0.12784;0.73502
17.95;-0.85913;0.12788;0.73491
17.958;-0.85958;0.12773;0.73489
17.967;-0.86001;0.12769;0.73488
17.975;-0.86047;0.12769;0.7349
17.983;-0.86101;0.12775;0.73483
17.992;-0.86148;0.12778;0.7348
18;-0.862;0.12786;0.7348
18.008;-0.86261;0.12788;0.73496
18.017;-0.86316;0.12798;0.73487
18.025;-0.86396;0.12797;0.73498
18.033;-0.86447;0.12822;0.73486
18.042;-0.86472;0.12851;0.73475
18.05;-0.86494;0.12857;0.73478
18.058;-0.86527;0.12865;0.73476
18.067;-0.86572;0.12882;0.73473
18.075;-0.86608;0.12911;0.73471
18.083;-0.86626;0.12948;0.73472
18.092;-0.86668;0.12984;0.73486
18.1;-0.86722;0.13026;0.73501
18.108;-0.86745;0.13068;0.73495
18.117;-0.86768;0.1312;0.73479
18.125;-0.86779;0.13157;0.73474
18.133;-0.86802;0.13185;0.73478
18.142;-0.86822;0.13236;0.73489
18.15;-0.86861;0.13265;0.73507
18.158;-0.86916;0.13276;0.73529
18.167;-0.86917;0.13294;0.73522
18.175;-0.86856;0.13345;0.73487
18.183;-0.86852;0.13361;0.73483
18.192;-0.86845;0.13387;0.73477
18.2;-0.86827;0.13423;0.73469
18.208;-0.86841;0.13444;0.73481
18.217;-0.86875;0.13454;0.73506
18.225;-0.8684;0.13489;0.73497
18.233;-0.86844;0.13503;0.73508
18.242;-0.86748;0.13563;0.73467
18.25;-0.86726;0.13587;0.73467
18.258;-0.86716;0.13602;0.7347
18.267;-0.867;0.13629;0.7347
18.275;-0.86766;0.13609;0.73512
18.283;-0.86753;0.13625;0.73519
18.292;-0.86655;0.13677;0.73497
18.3;-0.86608;0.13722;0.73472
18.308;-0.86591;0.13728;0.73484
18.317;-0.86551;0.13757;0.73481
18.325;-0.86603;0.13733;0.73522
18.333;-0.86579;0.13745;0.73526
18.342;-0.86492;0.13777;0.735
18.35;-0.86438;0.13795;0.73493
18.358;-0.86418;0.13783;0.735
18.367;-0.8639;0.13775;0.73497
18.375;-0.86366;0.13772;0.73489
18.383;-0.86357;0.13756;0.73498
18.392;-0.86345;0.13724;0.73522
18.4;-0.86312;0.13704;0.73516
18.408;-0.86211;0.13709;0.73495
18.417;-0.86113;0.13721;0.73469
18.425;-0.8606;0.13698;0.73469
18.433;-0.86033;0.13673;0.73476
18.442;-0.86007;0.13634;0.73494
18.45;-0.85972;0.13608;0.73507
18.458;-0.85889;0.13616;0.7349
18.467;-0.85835;0.13616;0.73489
18.475;-0.8579;0.13598;0.73497
18.483;-0.85739;0.13571;0.73491
18.492;-0.85701;0.13556;0.73484
18.5;-0.85639;0.1354;0.7349
18.508;-0.85594;0.13532;0.73501
18.517;-0.85585;0.13512;0.73518
18.525;-0.85515;0.13526;0.73491
18.533;-0.85468;0.13519;0.73484
18.542;-0.85437;0.13492;0.73489
18.55;-0.85406;0.13464;0.73495
18.558;-0.85309;0.13485;0.73453
18.567;-0.85276;0.13479;0.73447
18.575;-0.85252;0.1345;0.73458
18.583;-0.8522;0.1343;0.73458
18.592;-0.85206;0.13407;0.73469
18.6;-0.85196;0.13422;0.73466
18.608;-0.85169;0.13348;0.73464
18.617;-0.85144;0.13322;0.73477
18.625;-0.85125;0.133;0.73484
18.633;-0.851;0.13285;0.73484
18.642;-0.85056;0.13251;0.7349
18.65;-0.85021;0.13209;0.73495
18.658;-0.84985;0.13174;0.73489
18.667;-0.84951;0.13134;0.73481
18.675;-0.84919;0.13107;0.7349
18.683;-0.84857;0.13149;0.73481
18.692;-0.84853;0.13026;0.735
18.7;-0.84831;0.12981;0.735
18.708;-0.84773;0.12968;0.73465
18.717;-0.84748;0.12923;0.73449
18.725;-0.84738;0.12862;0.73462
18.733;-0.84727;0.12815;0.73481
18.742;-0.84716;0.12786;0.73485
18.75;-0.84698;0.12752;0.73497
18.758;-0.84686;0.1271;0.73495
18.767;-0.84677;0.12656;0.73499
18.775;-0.8467;0.12619;0.73492
18.783;-0.84659;0.126;0.73483
18.792;-0.84666;0.12557;0.7349
18.8;-0.84667;0.12519;0.73491
18.808;-0.84666;0.12477;0.73505
18.817;-0.84658;0.1243;0.73507
18.825;-0.84648;0.12398;0.73506
18.833;-0.84659;0.12358;0.73507
18.842;-0.8466;0.12319;0.73499
18.85;-0.84648;0.12285;0.73504
18.858;-0.8464;0.1225;0.73499
18.867;-0.8464;0.12212;0.73495
18.875;-0.84641;0.12186;0.73496
18.883;-0.84645;0.12166;0.73491
18.892;-0.84659;0.12143;0.7349
18.9;-0.84661;0.12121;0.73498
18.908;-0.84674;0.12085;0.735
18.917;-0.84677;0.12054;0.735
18.925;-0.84679;0.12014;0.73494
18.933;-0.84691;0.1198;0.73494
18.942;-0.84702;0.11948;0.73497
18.95;-0.84686;0.11933;0.73488
18.958;-0.84693;0.11916;0.73487
18.967;-0.84703;0.11896;0.73487
18.975;-0.8471;0.11872;0.73485
18.983;-0.84736;0.1184;0.7349
18.992;-0.84746;0.1181;0.73492
19;-0.84763;0.11779;0.73497
19.008;-0.84771;0.1176;0.73499
19.017;-0.84778;0.11741;0.73505
19.025;-0.84777;0.11733;0.73502
19.033;-0.84782;0.11716;0.73502
19.042;-0.84787;0.11694;0.73501
19.05;-0.84793;0.11676;0.73502
19.058;-0.84797;0.11654;0.735
19.067;-0.84788;0.11591;0.73517
19.075;-0.84825;0.11617;0.73493
19.083;-0.84867;0.11599;0.73496
19.092;-0.84894;0.11579;0.73488
19.1;-0.84905;0.11573;0.73484
19.108;-0.84922;0.1156;0.73484
19.117;-0.84942;0.1154;0.73488
19.125;-0.84965;0.11522;0.73482
19.133;-0.84982;0.115;0.73491
19.142;-0.84994;0.1149;0.73485
19.15;-0.85012;0.11478;0.7349
19.158;-0.85049;0.11454;0.73516
19.167;-0.85054;0.11462;0.73488
19.175;-0.8507;0.11459;0.73491
19.183;-0.85081;0.11457;0.73492
19.192;-0.85086;0.11459;0.73493
19.2;-0.85094;0.11458;0.73496
19.208;-0.85096;0.11458;0.73498
19.217;-0.85097;0.11458;0.73497
19.225;-0.85093;0.11458;0.735
19.233;-0.8509;0.11458;0.73499
19.242;-0.8509;0.11455;0.73498
19.25;-0.85089;0.11454;0.735
19.258;-0.8508;0.11451;0.735
19.267;-0.85079;0.11446;0.73498
19.275;-0.85072;0.11449;0.73498
19.283;-0.85064;0.11443;0.735
19.292;-0.85054;0.11443;0.735
19.3;-0.85049;0.11439;0.73499
19.308;-0.85047;0.11435;0.73502
19.317;-0.85042;0.11434;0.735
19.325;-0.85042;0.11429;0.73503
19.333;-0.85039;0.11425;0.73503
19.342;-0.85045;0.1142;0.73503
19.35;-0.85047;0.11424;0.73497
19.358;-0.85046;0.1143;0.73494
19.367;-0.85044;0.11441;0.73503
19.375;-0.85067;0.1147;0.73565
19.383;-0.85094;0.11492;0.73649
19.392;-0.85113;0.11552;0.73777
19.4;-0.85163;0.11612;0.73905
19.408;-0.85236;0.11674;0.74072
19.417;-0.85298;0.11782;0.74212
19.425;-0.85368;0.11882;0.74327
19.433;-0.85457;0.11972;0.74461
19.442;-0.85588;0.12082;0.74595
19.45;-0.85694;0.12204;0.74692
19.458;-0.85868;0.1225;0.74822
19.467;-0.85995;0.12345;0.74919
19.475;-0.85994;0.12497;0.74959
19.483;-0.86205;0.12519;0.75106
19.492;-0.86288;0.12594;0.75198
19.5;-0.86384;0.12658;0.75264
19.508;-0.86461;0.12746;0.75315
19.517;-0.86529;0.12801;0.754
19.525;-0.866;0.12867;0.75469
19.533;-0.86691;0.12917;0.75539
19.542;-0.86748;0.12995;0.75584
19.55;-0.8678;0.1306;0.75638
19.558;-0.86864;0.13125;0.75695
19.567;-0.86906;0.13196;0.75744
19.575;-0.86934;0.1327;0.75794
19.583;-0.86975;0.13339;0.75842
19.592;-0.87045;0.13399;0.75921
19.6;-0.87084;0.13469;0.75961
19.608;-0.87128;0.13545;0.76021
19.617;-0.87206;0.136;0.76068
19.625;-0.87258;0.13678;0.76132
19.633;-0.87307;0.13744;0.76173
19.642;-0.87395;0.13813;0.76243
19.65;-0.87456;0.13876;0.7629
19.658;-0.87529;0.13952;0.76349
19.667;-0.87607;0.14025;0.76413
19.675;-0.87659;0.14102;0.76465
19.683;-0.87721;0.14175;0.76529
19.692;-0.87794;0.14251;0.76586
19.7;-0.87748;0.14389;0.76583
19.708;-0.87891;0.14406;0.76723
19.717;-0.87869;0.14522;0.76761
19.725;-0.87967;0.14568;0.76872
19.733;-0.88004;0.14668;0.7694
